"#client_address";"client_country";"lon";"lat";"client_provider";"mlabservername";"connect_time";"download_speed";"neubot_version";"platform";"remote_address";"test_name";"timestamp";"upload_speed";"latency";"uuid";"asnum";"region";"city";"hour";"month";"year";"weekday";"day";"filedate"
"31.210.179.44";"IL";34.750000;31.500000;"AS47956 XFONE XFONE COMMUNICATION LTD";"mlab3-hnd01";0.472958;120025.986795;"0.004006999";"win32";"203.178.130.237";"speedtest";1328228673;19877.094400;0.669306;"2604d05f-c510-4a2b-bcfb-c2db72aacec3";47956;"";"";2;2;2012;4;3;"20120203"
"85.26.232.167";"RU";50.118200;53.183500;"AS31133 OJSC MegaFon";"mlab3-hnd01";0.547438;30715.478214;"0.004006999";"win32";"203.178.130.237";"speedtest";1328229838;7635.819068;0.567141;"98e00490-2043-47e4-a2b7-f7346dc95de7";31133;"65";"Samara";0;2;2012;4;3;"20120203"
"31.210.179.44";"IL";34.750000;31.500000;"AS47956 XFONE XFONE COMMUNICATION LTD";"mlab3-hnd01";0.664370;135218.618325;"0.004006999";"win32";"203.178.130.237";"bittorrent";1328230294;13557.342658;-1.000000;"2604d05f-c510-4a2b-bcfb-c2db72aacec3";47956;"";"";2;2;2012;4;3;"20120203"
"85.26.232.167";"RU";50.118200;53.183500;"AS31133 OJSC MegaFon";"mlab3-hnd01";0.411377;293709.088616;"0.004006999";"win32";"203.178.130.237";"bittorrent";1328231478;152502.501412;-1.000000;"98e00490-2043-47e4-a2b7-f7346dc95de7";31133;"65";"Samara";1;2;2012;4;3;"20120203"
"31.210.179.44";"IL";34.750000;31.500000;"AS47956 XFONE XFONE COMMUNICATION LTD";"mlab3-hnd01";0.844800;77088.549890;"0.004006999";"win32";"203.178.130.237";"speedtest";1328231901;19338.364300;0.490457;"2604d05f-c510-4a2b-bcfb-c2db72aacec3";47956;"";"";3;2;2012;4;3;"20120203"
"85.26.232.167";"RU";50.118200;53.183500;"AS31133 OJSC MegaFon";"mlab3-hnd01";0.427239;34430.001885;"0.004006999";"win32";"203.178.130.237";"speedtest";1328233271;1886.592586;0.443495;"98e00490-2043-47e4-a2b7-f7346dc95de7";31133;"65";"Samara";1;2;2012;4;3;"20120203"
"31.210.179.44";"IL";34.750000;31.500000;"AS47956 XFONE XFONE COMMUNICATION LTD";"mlab3-hnd01";0.849823;168327.479078;"0.004006999";"win32";"203.178.130.237";"bittorrent";1328233524;23930.021942;-1.000000;"2604d05f-c510-4a2b-bcfb-c2db72aacec3";47956;"";"";3;2;2012;4;3;"20120203"
"85.26.232.167";"RU";50.118200;53.183500;"AS31133 OJSC MegaFon";"mlab3-hnd01";0.763247;166815.796034;"0.004006999";"win32";"203.178.130.237";"bittorrent";1328234924;149576.312049;-1.000000;"98e00490-2043-47e4-a2b7-f7346dc95de7";31133;"65";"Samara";2;2;2012;4;3;"20120203"
"31.210.179.44";"IL";34.750000;31.500000;"AS47956 XFONE XFONE COMMUNICATION LTD";"mlab3-hnd01";0.773755;48809.906916;"0.004006999";"win32";"203.178.130.237";"speedtest";1328235132;27286.968244;0.667541;"2604d05f-c510-4a2b-bcfb-c2db72aacec3";47956;"";"";4;2;2012;4;3;"20120203"
"85.26.232.167";"RU";50.118200;53.183500;"AS31133 OJSC MegaFon";"mlab3-hnd01";0.663902;24101.510659;"0.004006999";"win32";"203.178.130.237";"speedtest";1328236729;2546.911818;0.614079;"98e00490-2043-47e4-a2b7-f7346dc95de7";31133;"65";"Samara";2;2;2012;4;3;"20120203"
"31.210.179.44";"IL";34.750000;31.500000;"AS47956 XFONE XFONE COMMUNICATION LTD";"mlab3-hnd01";0.726785;128220.386342;"0.004006999";"win32";"203.178.130.237";"bittorrent";1328236750;61698.123778;-1.000000;"2604d05f-c510-4a2b-bcfb-c2db72aacec3";47956;"";"";4;2;2012;4;3;"20120203"
"31.210.179.44";"IL";34.750000;31.500000;"AS47956 XFONE XFONE COMMUNICATION LTD";"mlab3-hnd01";0.465250;33584.482559;"0.004006999";"win32";"203.178.130.237";"speedtest";1328238355;33038.488765;0.532604;"2604d05f-c510-4a2b-bcfb-c2db72aacec3";47956;"";"";5;2;2012;4;3;"20120203"
"85.26.232.167";"RU";50.118200;53.183500;"AS31133 OJSC MegaFon";"mlab3-hnd01";0.461436;239454.093926;"0.004006999";"win32";"203.178.130.237";"bittorrent";1328238366;149177.960601;-1.000000;"98e00490-2043-47e4-a2b7-f7346dc95de7";31133;"65";"Samara";3;2;2012;4;3;"20120203"
"85.26.232.167";"RU";50.118200;53.183500;"AS31133 OJSC MegaFon";"mlab3-hnd01";0.444971;28361.546600;"0.004006999";"win32";"203.178.130.237";"speedtest";1328240165;1922.739198;0.433347;"98e00490-2043-47e4-a2b7-f7346dc95de7";31133;"65";"Samara";3;2;2012;4;3;"20120203"
"122.173.126.150";"IN";77.216700;28.666700;"AS24560 Bharti Airtel Ltd., Telemedia Services";"mlab3-hnd01";0.175805;80838.475680;"0.004006999";"win32";"203.178.130.237";"speedtest";1328246053;58244.512602;0.178788;"c4816f0d-c06d-4396-8611-bd0a39fa9922";24560;"07";"Delhi";10;2;2012;4;3;"20120203"
"1.23.133.203";"IN";77.216700;28.666700;"";"mlab3-hnd01";0.460292;40841.908783;"0.004006999";"win32";"203.178.130.237";"bittorrent";1328246740;17324.499460;-1.000000;"4bc7e398-0fc2-492e-bf54-7465e7978b45";0;"07";"Delhi";10;2;2012;4;3;"20120203"
"122.173.126.150";"IN";77.216700;28.666700;"AS24560 Bharti Airtel Ltd., Telemedia Services";"mlab3-hnd01";0.210801;53125.761914;"0.004006999";"win32";"203.178.130.237";"bittorrent";1328247570;50018.433803;-1.000000;"c4816f0d-c06d-4396-8611-bd0a39fa9922";24560;"07";"Delhi";11;2;2012;4;3;"20120203"
"1.23.133.203";"IN";77.216700;28.666700;"";"mlab3-hnd01";0.444746;34393.798895;"0.004006999";"win32";"203.178.130.237";"speedtest";1328248369;7490.301538;0.514910;"4bc7e398-0fc2-492e-bf54-7465e7978b45";0;"07";"Delhi";11;2;2012;4;3;"20120203"
"122.173.126.150";"IN";77.216700;28.666700;"AS24560 Bharti Airtel Ltd., Telemedia Services";"mlab3-hnd01";0.172676;115273.166988;"0.004006999";"win32";"203.178.130.237";"speedtest";1328249081;37794.036508;0.175415;"c4816f0d-c06d-4396-8611-bd0a39fa9922";24560;"07";"Delhi";11;2;2012;4;3;"20120203"
"1.23.133.203";"IN";77.216700;28.666700;"";"mlab3-hnd01";0.447413;9025.404448;"0.004006999";"win32";"203.178.130.237";"bittorrent";1328250048;24756.527796;-1.000000;"4bc7e398-0fc2-492e-bf54-7465e7978b45";0;"07";"Delhi";11;2;2012;4;3;"20120203"
"122.173.126.150";"IN";77.216700;28.666700;"AS24560 Bharti Airtel Ltd., Telemedia Services";"mlab3-hnd01";0.174079;88369.439984;"0.004006999";"win32";"203.178.130.237";"bittorrent";1328250589;54946.802885;-1.000000;"c4816f0d-c06d-4396-8611-bd0a39fa9922";24560;"07";"Delhi";11;2;2012;4;3;"20120203"
"117.224.61.58";"IN";76.793300;30.734300;"AS9829 National Internet Backbone";"mlab3-hnd01";0.575215;1751.275666;"0.004006999";"win32";"203.178.130.237";"speedtest";1328251602;5888.539814;0.661859;"03f257b3-be42-4f20-a5cf-a74c453e8aa4";9829;"05";"Chandigarh";12;2;2012;4;3;"20120203"
"1.23.133.203";"IN";77.216700;28.666700;"";"mlab3-hnd01";0.491393;31386.903943;"0.004006999";"win32";"203.178.130.237";"speedtest";1328251670;7622.604108;0.602547;"4bc7e398-0fc2-492e-bf54-7465e7978b45";0;"07";"Delhi";12;2;2012;4;3;"20120203"
"122.173.126.150";"IN";77.216700;28.666700;"AS24560 Bharti Airtel Ltd., Telemedia Services";"mlab3-hnd01";0.170366;52878.916616;"0.004006999";"win32";"203.178.130.237";"speedtest";1328252103;47545.969670;0.172915;"c4816f0d-c06d-4396-8611-bd0a39fa9922";24560;"07";"Delhi";12;2;2012;4;3;"20120203"
"1.23.133.203";"IN";77.216700;28.666700;"";"mlab3-hnd01";0.460154;57374.839500;"0.004006999";"win32";"203.178.130.237";"bittorrent";1328253311;29267.375934;-1.000000;"4bc7e398-0fc2-492e-bf54-7465e7978b45";0;"07";"Delhi";12;2;2012;4;3;"20120203"
"122.173.126.150";"IN";77.216700;28.666700;"AS24560 Bharti Airtel Ltd., Telemedia Services";"mlab3-hnd01";0.170482;51482.630785;"0.004006999";"win32";"203.178.130.237";"bittorrent";1328253618;54848.160178;-1.000000;"c4816f0d-c06d-4396-8611-bd0a39fa9922";24560;"07";"Delhi";12;2;2012;4;3;"20120203"
"113.199.136.214";"NP";85.316700;27.716700;"AS23752 Nepal Telecommunications Corporation, Internet Services,";"mlab3-hnd01";1.674297;10360.896687;"0.004006999";"win32";"203.178.130.237";"speedtest";1328254079;13182.001990;1.555857;"08a1263f-bb09-440a-9f4f-7da4989df2f4";23752;"00";"Kathmandu";13;2;2012;4;3;"20120203"
"182.68.72.45";"IN";77.033300;28.466700;"AS24560 Bharti Airtel Ltd., Telemedia Services";"mlab3-hnd01";0.311028;158303.511787;"0.004006999";"win32";"203.178.130.237";"speedtest";1328254446;40891.606574;0.317730;"cc28e3ad-ceb5-4bfb-8b90-06cf2945bf7c";24560;"10";"Gurgaon";13;2;2012;4;3;"20120203"
"117.224.61.58";"IN";76.793300;30.734300;"AS9829 National Internet Backbone";"mlab3-hnd01";0.568485;1858.429805;"0.004006999";"win32";"203.178.130.237";"speedtest";1328254718;5302.415783;0.609273;"03f257b3-be42-4f20-a5cf-a74c453e8aa4";9829;"05";"Chandigarh";13;2;2012;4;3;"20120203"
"1.23.133.203";"IN";77.216700;28.666700;"";"mlab3-hnd01";0.447490;5449.062904;"0.004006999";"win32";"203.178.130.237";"speedtest";1328254970;7316.395010;2.114764;"4bc7e398-0fc2-492e-bf54-7465e7978b45";0;"07";"Delhi";13;2;2012;4;3;"20120203"
"122.173.126.150";"IN";77.216700;28.666700;"AS24560 Bharti Airtel Ltd., Telemedia Services";"mlab3-hnd01";0.168855;57510.309516;"0.004006999";"win32";"203.178.130.237";"speedtest";1328255134;51726.148818;0.174557;"c4816f0d-c06d-4396-8611-bd0a39fa9922";24560;"07";"Delhi";13;2;2012;4;3;"20120203"
"113.199.136.214";"NP";85.316700;27.716700;"AS23752 Nepal Telecommunications Corporation, Internet Services,";"mlab3-hnd01";0.824918;30388.224884;"0.004006999";"win32";"203.178.130.237";"bittorrent";1328255705;12436.986306;-1.000000;"08a1263f-bb09-440a-9f4f-7da4989df2f4";23752;"00";"Kathmandu";13;2;2012;4;3;"20120203"
"182.68.174.92";"IN";77.216700;28.666700;"AS24560 Bharti Airtel Ltd., Telemedia Services";"mlab3-hnd01";0.735380;26770.547353;"0.004006999";"win32";"203.178.130.237";"bittorrent";1328256079;29899.538921;-1.000000;"cc28e3ad-ceb5-4bfb-8b90-06cf2945bf7c";24560;"07";"Delhi";13;2;2012;4;3;"20120203"
"122.173.126.150";"IN";77.216700;28.666700;"AS24560 Bharti Airtel Ltd., Telemedia Services";"mlab3-hnd01";0.168941;66192.859496;"0.004006999";"win32";"203.178.130.237";"bittorrent";1328256665;40098.872311;-1.000000;"c4816f0d-c06d-4396-8611-bd0a39fa9922";24560;"07";"Delhi";13;2;2012;4;3;"20120203"
"182.68.174.92";"IN";77.216700;28.666700;"AS24560 Bharti Airtel Ltd., Telemedia Services";"mlab3-hnd01";0.828187;5667.135517;"0.004006999";"win32";"203.178.130.237";"speedtest";1328257764;25009.405406;0.803138;"cc28e3ad-ceb5-4bfb-8b90-06cf2945bf7c";24560;"07";"Delhi";13;2;2012;4;3;"20120203"
"122.173.126.150";"IN";77.216700;28.666700;"AS24560 Bharti Airtel Ltd., Telemedia Services";"mlab3-hnd01";0.178560;134528.471648;"0.004006999";"win32";"203.178.130.237";"speedtest";1328258177;53306.649516;0.174017;"c4816f0d-c06d-4396-8611-bd0a39fa9922";24560;"07";"Delhi";14;2;2012;4;3;"20120203"
"182.64.218.145";"IN";77.216700;28.666700;"AS24560 Bharti Airtel Ltd., Telemedia Services";"mlab3-hnd01";0.649436;6944.382711;"0.004006999";"win32";"203.178.130.237";"bittorrent";1328259432;29110.846860;-1.000000;"cc28e3ad-ceb5-4bfb-8b90-06cf2945bf7c";24560;"07";"Delhi";14;2;2012;4;3;"20120203"
"122.173.126.150";"IN";77.216700;28.666700;"AS24560 Bharti Airtel Ltd., Telemedia Services";"mlab3-hnd01";0.179200;139432.791211;"0.004006999";"win32";"203.178.130.237";"bittorrent";1328259690;54282.201229;-1.000000;"c4816f0d-c06d-4396-8611-bd0a39fa9922";24560;"07";"Delhi";14;2;2012;4;3;"20120203"
"182.68.129.137";"IN";77.033300;28.466700;"AS24560 Bharti Airtel Ltd., Telemedia Services";"mlab3-hnd01";0.757745;4658.841596;"0.004006999";"win32";"203.178.130.237";"speedtest";1328260987;12955.635117;0.972056;"cc28e3ad-ceb5-4bfb-8b90-06cf2945bf7c";24560;"10";"Gurgaon";14;2;2012;4;3;"20120203"
"122.173.126.150";"IN";77.216700;28.666700;"AS24560 Bharti Airtel Ltd., Telemedia Services";"mlab3-hnd01";0.410001;45921.525519;"0.004006999";"win32";"203.178.130.237";"speedtest";1328261212;41424.549163;0.250958;"c4816f0d-c06d-4396-8611-bd0a39fa9922";24560;"07";"Delhi";14;2;2012;4;3;"20120203"
"182.68.46.198";"IN";77.216700;28.666700;"AS24560 Bharti Airtel Ltd., Telemedia Services";"mlab3-hnd01";0.746659;8556.584686;"0.004006999";"win32";"203.178.130.237";"bittorrent";1328262636;30741.745073;-1.000000;"cc28e3ad-ceb5-4bfb-8b90-06cf2945bf7c";24560;"07";"Delhi";15;2;2012;4;3;"20120203"
"122.173.126.150";"IN";77.216700;28.666700;"AS24560 Bharti Airtel Ltd., Telemedia Services";"mlab3-hnd01";0.169069;68000.612352;"0.004006999";"win32";"203.178.130.237";"bittorrent";1328262728;56407.715004;-1.000000;"c4816f0d-c06d-4396-8611-bd0a39fa9922";24560;"07";"Delhi";15;2;2012;4;3;"20120203"
"122.173.126.150";"IN";77.216700;28.666700;"AS24560 Bharti Airtel Ltd., Telemedia Services";"mlab3-hnd01";0.222340;72581.789643;"0.004006999";"win32";"203.178.130.237";"speedtest";1328263491;56932.586450;0.190836;"c4816f0d-c06d-4396-8611-bd0a39fa9922";24560;"07";"Delhi";15;2;2012;4;3;"20120203"
"117.225.157.8";"IN";76.793300;30.734300;"AS9829 National Internet Backbone";"mlab3-hnd01";9.786194;250.509349;"0.004006999";"win32";"203.178.130.237";"speedtest";1328263663;4093.243159;1.029405;"03f257b3-be42-4f20-a5cf-a74c453e8aa4";9829;"05";"Chandigarh";15;2;2012;4;3;"20120203"
"85.26.164.54";"RU";100.000000;60.000000;"AS31133 OJSC MegaFon";"mlab3-hnd01";0.552265;312809.048548;"0.004006999";"win32";"203.178.130.237";"speedtest";1328264923;14449.665691;0.598058;"98e00490-2043-47e4-a2b7-f7346dc95de7";31133;"";"";10;2;2012;4;3;"20120203"
"122.173.126.150";"IN";77.216700;28.666700;"AS24560 Bharti Airtel Ltd., Telemedia Services";"mlab3-hnd01";0.178176;51028.030492;"0.004006999";"win32";"203.178.130.237";"bittorrent";1328265098;55570.018107;-1.000000;"c4816f0d-c06d-4396-8611-bd0a39fa9922";24560;"07";"Delhi";16;2;2012;4;3;"20120203"
"182.68.192.252";"IN";77.033300;28.466700;"AS24560 Bharti Airtel Ltd., Telemedia Services";"mlab3-hnd01";0.320678;185333.335772;"0.004006999";"win32";"203.178.130.237";"speedtest";1328265729;46945.998060;0.324479;"cc28e3ad-ceb5-4bfb-8b90-06cf2945bf7c";24560;"10";"Gurgaon";16;2;2012;4;3;"20120203"
"85.26.164.54";"RU";100.000000;60.000000;"AS31133 OJSC MegaFon";"mlab3-hnd01";0.484746;144390.391487;"0.004006999";"win32";"203.178.130.237";"bittorrent";1328266560;173212.537442;-1.000000;"98e00490-2043-47e4-a2b7-f7346dc95de7";31133;"";"";10;2;2012;4;3;"20120203"
"122.173.126.150";"IN";77.216700;28.666700;"AS24560 Bharti Airtel Ltd., Telemedia Services";"mlab3-hnd01";0.222410;20357.644343;"0.004006999";"win32";"203.178.130.237";"speedtest";1328266709;44390.527784;0.357416;"c4816f0d-c06d-4396-8611-bd0a39fa9922";24560;"07";"Delhi";16;2;2012;4;3;"20120203"
"85.26.164.54";"RU";100.000000;60.000000;"AS31133 OJSC MegaFon";"mlab3-hnd01";0.414366;149780.602823;"0.004006999";"win32";"203.178.130.237";"speedtest";1328268185;130973.879692;0.475259;"98e00490-2043-47e4-a2b7-f7346dc95de7";31133;"";"";11;2;2012;4;3;"20120203"
"122.173.126.150";"IN";77.216700;28.666700;"AS24560 Bharti Airtel Ltd., Telemedia Services";"mlab3-hnd01";0.316960;82077.322295;"0.004006999";"win32";"203.178.130.237";"bittorrent";1328268304;51405.870303;-1.000000;"c4816f0d-c06d-4396-8611-bd0a39fa9922";24560;"07";"Delhi";16;2;2012;4;3;"20120203"
"182.68.252.193";"IN";77.316700;28.433300;"AS24560 Bharti Airtel Ltd., Telemedia Services";"mlab3-hnd01";0.520084;23008.736425;"0.004006999";"win32";"203.178.130.237";"bittorrent";1328269239;36216.303806;-1.000000;"cc28e3ad-ceb5-4bfb-8b90-06cf2945bf7c";24560;"10";"Faridabad";17;2;2012;4;3;"20120203"
"85.26.164.54";"RU";100.000000;60.000000;"AS31133 OJSC MegaFon";"mlab3-hnd01";0.468080;45840.038177;"0.004006999";"win32";"203.178.130.237";"bittorrent";1328269828;147178.714494;-1.000000;"98e00490-2043-47e4-a2b7-f7346dc95de7";31133;"";"";11;2;2012;4;3;"20120203"
"85.26.164.54";"RU";100.000000;60.000000;"AS31133 OJSC MegaFon";"mlab3-hnd01";0.889393;14162.705959;"0.004006999";"win32";"203.178.130.237";"speedtest";1328271531;19057.477792;1.172506;"98e00490-2043-47e4-a2b7-f7346dc95de7";31133;"";"";12;2;2012;4;3;"20120203"
"122.173.126.150";"IN";77.216700;28.666700;"AS24560 Bharti Airtel Ltd., Telemedia Services";"mlab3-hnd01";0.189177;53372.940734;"0.004006999";"win32";"203.178.130.237";"bittorrent";1328272936;53342.605427;-1.000000;"c4816f0d-c06d-4396-8611-bd0a39fa9922";24560;"07";"Delhi";18;2;2012;4;3;"20120203"
"31.210.179.44";"IL";34.750000;31.500000;"AS47956 XFONE XFONE COMMUNICATION LTD";"mlab3-hnd01";0.378894;35249.085732;"0.004006999";"win32";"203.178.130.237";"speedtest";1328273328;52406.633524;0.372489;"2604d05f-c510-4a2b-bcfb-c2db72aacec3";47956;"";"";14;2;2012;4;3;"20120203"
"122.173.126.150";"IN";77.216700;28.666700;"AS24560 Bharti Airtel Ltd., Telemedia Services";"mlab3-hnd01";0.176807;161114.916990;"0.004006999";"win32";"203.178.130.237";"speedtest";1328274442;57192.596429;0.177195;"c4816f0d-c06d-4396-8611-bd0a39fa9922";24560;"07";"Delhi";18;2;2012;4;3;"20120203"
"1.23.133.203";"IN";77.216700;28.666700;"";"mlab3-hnd01";0.481431;20833.025205;"0.004006999";"win32";"203.178.130.237";"speedtest";1328274504;10403.335902;0.529431;"4bc7e398-0fc2-492e-bf54-7465e7978b45";0;"07";"Delhi";18;2;2012;4;3;"20120203"
"31.210.179.44";"IL";34.750000;31.500000;"AS47956 XFONE XFONE COMMUNICATION LTD";"mlab3-hnd01";0.766062;4038.763637;"0.004006999";"win32";"203.178.130.237";"bittorrent";1328274933;8308.860810;-1.000000;"2604d05f-c510-4a2b-bcfb-c2db72aacec3";47956;"";"";15;2;2012;4;3;"20120203"
"85.26.233.185";"RU";50.118200;53.183500;"AS31133 OJSC MegaFon";"mlab3-hnd01";0.455295;27270.595365;"0.004006999";"win32";"203.178.130.237";"bittorrent";1328274965;57071.248196;-1.000000;"98e00490-2043-47e4-a2b7-f7346dc95de7";31133;"65";"Samara";13;2;2012;4;3;"20120203"
"122.173.126.150";"IN";77.216700;28.666700;"AS24560 Bharti Airtel Ltd., Telemedia Services";"mlab3-hnd01";0.173953;87380.287926;"0.004006999";"win32";"203.178.130.237";"bittorrent";1328275939;53957.695812;-1.000000;"c4816f0d-c06d-4396-8611-bd0a39fa9922";24560;"07";"Delhi";19;2;2012;4;3;"20120203"
"1.23.133.203";"IN";77.216700;28.666700;"";"mlab3-hnd01";0.471073;7977.095922;"0.004006999";"win32";"203.178.130.237";"bittorrent";1328276149;32089.970305;-1.000000;"4bc7e398-0fc2-492e-bf54-7465e7978b45";0;"07";"Delhi";19;2;2012;4;3;"20120203"
"31.210.179.44";"IL";34.750000;31.500000;"AS47956 XFONE XFONE COMMUNICATION LTD";"mlab3-hnd01";0.578160;11278.535776;"0.004006999";"win32";"203.178.130.237";"speedtest";1328276486;15988.611914;0.832475;"2604d05f-c510-4a2b-bcfb-c2db72aacec3";47956;"";"";15;2;2012;4;3;"20120203"
"85.26.233.185";"RU";50.118200;53.183500;"AS31133 OJSC MegaFon";"mlab3-hnd01";0.435990;19078.778028;"0.004006999";"win32";"203.178.130.237";"speedtest";1328276527;15921.590910;0.497135;"98e00490-2043-47e4-a2b7-f7346dc95de7";31133;"65";"Samara";13;2;2012;4;3;"20120203"
"122.173.126.150";"IN";77.216700;28.666700;"AS24560 Bharti Airtel Ltd., Telemedia Services";"mlab3-hnd01";0.174554;68852.247080;"0.004006999";"win32";"203.178.130.237";"speedtest";1328277448;51343.492099;0.176932;"c4816f0d-c06d-4396-8611-bd0a39fa9922";24560;"07";"Delhi";19;2;2012;4;3;"20120203"
"1.23.133.203";"IN";77.216700;28.666700;"";"mlab3-hnd01";0.577998;23336.959554;"0.004006999";"win32";"203.178.130.237";"speedtest";1328277765;25978.882710;0.503833;"4bc7e398-0fc2-492e-bf54-7465e7978b45";0;"07";"Delhi";19;2;2012;4;3;"20120203"
"31.210.179.44";"IL";34.750000;31.500000;"AS47956 XFONE XFONE COMMUNICATION LTD";"mlab3-hnd01";0.406315;8312.260898;"0.004006999";"win32";"203.178.130.237";"bittorrent";1328278062;13009.058905;-1.000000;"2604d05f-c510-4a2b-bcfb-c2db72aacec3";47956;"";"";16;2;2012;4;3;"20120203"
"85.26.233.185";"RU";50.118200;53.183500;"AS31133 OJSC MegaFon";"mlab3-hnd01";0.584469;71571.986899;"0.004006999";"win32";"203.178.130.237";"bittorrent";1328278112;66527.395285;-1.000000;"98e00490-2043-47e4-a2b7-f7346dc95de7";31133;"65";"Samara";14;2;2012;4;3;"20120203"
"113.199.138.222";"NP";85.316700;27.716700;"AS23752 Nepal Telecommunications Corporation, Internet Services,";"mlab3-hnd01";0.354005;17197.643332;"0.004006999";"win32";"203.178.130.237";"bittorrent";1328278840;12119.931642;-1.000000;"08a1263f-bb09-440a-9f4f-7da4989df2f4";23752;"00";"Kathmandu";20;2;2012;4;3;"20120203"
"122.173.126.150";"IN";77.216700;28.666700;"AS24560 Bharti Airtel Ltd., Telemedia Services";"mlab3-hnd01";0.179564;54092.324459;"0.004006999";"win32";"203.178.130.237";"bittorrent";1328278950;56627.981330;-1.000000;"c4816f0d-c06d-4396-8611-bd0a39fa9922";24560;"07";"Delhi";19;2;2012;4;3;"20120203"
"1.23.133.203";"IN";77.216700;28.666700;"";"mlab3-hnd01";0.534661;67860.867222;"0.004006999";"win32";"203.178.130.237";"bittorrent";1328279397;38001.053317;-1.000000;"4bc7e398-0fc2-492e-bf54-7465e7978b45";0;"07";"Delhi";19;2;2012;4;3;"20120203"
"31.210.179.44";"IL";34.750000;31.500000;"AS47956 XFONE XFONE COMMUNICATION LTD";"mlab3-hnd01";0.414536;5726.415470;"0.004006999";"win32";"203.178.130.237";"speedtest";1328279599;12681.769588;0.948042;"2604d05f-c510-4a2b-bcfb-c2db72aacec3";47956;"";"";16;2;2012;4;3;"20120203"
"85.26.233.185";"RU";50.118200;53.183500;"AS31133 OJSC MegaFon";"mlab3-hnd01";0.419292;20630.716295;"0.004006999";"win32";"203.178.130.237";"speedtest";1328279678;16170.203868;0.548971;"98e00490-2043-47e4-a2b7-f7346dc95de7";31133;"65";"Samara";14;2;2012;4;3;"20120203"
"182.68.165.188";"IN";77.033300;28.466700;"AS24560 Bharti Airtel Ltd., Telemedia Services";"mlab3-hnd01";0.316455;188068.765235;"0.004006999";"win32";"203.178.130.237";"speedtest";1328280258;47114.539096;0.319774;"cc28e3ad-ceb5-4bfb-8b90-06cf2945bf7c";24560;"10";"Gurgaon";20;2;2012;4;3;"20120203"
"113.199.138.222";"NP";85.316700;27.716700;"AS23752 Nepal Telecommunications Corporation, Internet Services,";"mlab3-hnd01";0.395456;40400.178510;"0.004006999";"win32";"203.178.130.237";"speedtest";1328280420;15371.847674;0.371674;"08a1263f-bb09-440a-9f4f-7da4989df2f4";23752;"00";"Kathmandu";20;2;2012;4;3;"20120203"
"122.173.126.150";"IN";77.216700;28.666700;"AS24560 Bharti Airtel Ltd., Telemedia Services";"mlab3-hnd01";0.205999;86813.832430;"0.004006999";"win32";"203.178.130.237";"speedtest";1328280457;51517.100433;0.206281;"c4816f0d-c06d-4396-8611-bd0a39fa9922";24560;"07";"Delhi";20;2;2012;4;3;"20120203"
"1.23.133.203";"IN";77.216700;28.666700;"";"mlab3-hnd01";0.460293;12939.462861;"0.004006999";"win32";"203.178.130.237";"speedtest";1328281021;17400.269045;0.757151;"4bc7e398-0fc2-492e-bf54-7465e7978b45";0;"07";"Delhi";20;2;2012;4;3;"20120203"
"31.210.179.44";"IL";34.750000;31.500000;"AS47956 XFONE XFONE COMMUNICATION LTD";"mlab3-hnd01";0.464279;7575.602584;"0.004006999";"win32";"203.178.130.237";"bittorrent";1328281187;21087.688095;-1.000000;"2604d05f-c510-4a2b-bcfb-c2db72aacec3";47956;"";"";16;2;2012;4;3;"20120203"
"85.26.233.185";"RU";50.118200;53.183500;"AS31133 OJSC MegaFon";"mlab3-hnd01";0.441505;35460.767814;"0.004006999";"win32";"203.178.130.237";"bittorrent";1328281271;57310.680638;-1.000000;"98e00490-2043-47e4-a2b7-f7346dc95de7";31133;"65";"Samara";15;2;2012;4;3;"20120203"
"122.173.126.150";"IN";77.216700;28.666700;"AS24560 Bharti Airtel Ltd., Telemedia Services";"mlab3-hnd01";0.193619;51672.964263;"0.004006999";"win32";"203.178.130.237";"bittorrent";1328281967;55245.561815;-1.000000;"c4816f0d-c06d-4396-8611-bd0a39fa9922";24560;"07";"Delhi";20;2;2012;4;3;"20120203"
"113.199.138.222";"NP";85.316700;27.716700;"AS23752 Nepal Telecommunications Corporation, Internet Services,";"mlab3-hnd01";0.342267;44678.705518;"0.004006999";"win32";"203.178.130.237";"bittorrent";1328282032;19072.916677;-1.000000;"08a1263f-bb09-440a-9f4f-7da4989df2f4";23752;"00";"Kathmandu";20;2;2012;4;3;"20120203"
"1.23.133.203";"IN";77.216700;28.666700;"";"mlab3-hnd01";0.554194;41355.249485;"0.004006999";"win32";"203.178.130.237";"bittorrent";1328282643;34992.440286;-1.000000;"4bc7e398-0fc2-492e-bf54-7465e7978b45";0;"07";"Delhi";20;2;2012;4;3;"20120203"
"31.210.179.44";"IL";34.750000;31.500000;"AS47956 XFONE XFONE COMMUNICATION LTD";"mlab3-hnd01";0.610783;5920.258551;"0.004006999";"win32";"203.178.130.237";"speedtest";1328282723;10633.168193;1.334349;"2604d05f-c510-4a2b-bcfb-c2db72aacec3";47956;"";"";17;2;2012;4;3;"20120203"
"85.26.233.185";"RU";50.118200;53.183500;"AS31133 OJSC MegaFon";"mlab3-hnd01";0.657455;12500.896098;"0.004006999";"win32";"203.178.130.237";"speedtest";1328282840;18130.145301;0.527992;"98e00490-2043-47e4-a2b7-f7346dc95de7";31133;"65";"Samara";15;2;2012;4;3;"20120203"
"113.199.138.222";"NP";85.316700;27.716700;"AS23752 Nepal Telecommunications Corporation, Internet Services,";"mlab3-hnd01";0.347787;35577.117337;"0.004006999";"win32";"203.178.130.237";"speedtest";1328283601;22694.835611;0.351265;"08a1263f-bb09-440a-9f4f-7da4989df2f4";23752;"00";"Kathmandu";21;2;2012;4;3;"20120203"
"59.183.159.248";"IN";72.825800;18.975000;"AS17813 Mahanagar Telephone Nigam Ltd.";"mlab3-hnd01";0.297802;192614.472501;"0.004006999";"win32";"203.178.130.237";"bittorrent";1328283599;50547.383886;-1.000000;"5814e61b-80fe-4234-a79d-45f03bbfc817";17813;"16";"Mumbai";21;2;2012;4;3;"20120203"
"1.23.133.203";"IN";77.216700;28.666700;"";"mlab3-hnd01";0.561341;16513.240078;"0.004006999";"win32";"203.178.130.237";"speedtest";1328284260;14025.428685;0.634549;"4bc7e398-0fc2-492e-bf54-7465e7978b45";0;"07";"Delhi";21;2;2012;4;3;"20120203"
"31.210.179.44";"IL";34.750000;31.500000;"AS47956 XFONE XFONE COMMUNICATION LTD";"mlab3-hnd01";3.531795;4475.947062;"0.004006999";"win32";"203.178.130.237";"bittorrent";1328284311;17657.734288;-1.000000;"2604d05f-c510-4a2b-bcfb-c2db72aacec3";47956;"";"";17;2;2012;4;3;"20120203"
"85.26.233.185";"RU";50.118200;53.183500;"AS31133 OJSC MegaFon";"mlab3-hnd01";0.448498;33383.095873;"0.004006999";"win32";"203.178.130.237";"bittorrent";1328284418;64375.505031;-1.000000;"98e00490-2043-47e4-a2b7-f7346dc95de7";31133;"65";"Samara";15;2;2012;4;3;"20120203"
"113.199.138.222";"NP";85.316700;27.716700;"AS23752 Nepal Telecommunications Corporation, Internet Services,";"mlab3-hnd01";0.361052;27948.095504;"0.004006999";"win32";"203.178.130.237";"bittorrent";1328285182;18491.002271;-1.000000;"08a1263f-bb09-440a-9f4f-7da4989df2f4";23752;"00";"Kathmandu";21;2;2012;4;3;"20120203"
"59.183.128.126";"IN";72.825800;18.975000;"AS17813 Mahanagar Telephone Nigam Ltd.";"mlab3-hnd01";0.313011;16112.577888;"0.004006999";"win32";"203.178.130.237";"speedtest";1328285213;36918.303678;0.307289;"5814e61b-80fe-4234-a79d-45f03bbfc817";17813;"16";"Mumbai";21;2;2012;4;3;"20120203"
"31.210.179.44";"IL";34.750000;31.500000;"AS47956 XFONE XFONE COMMUNICATION LTD";"mlab3-hnd01";0.517405;2647.410807;"0.004006999";"win32";"203.178.130.237";"speedtest";1328285851;9974.843581;0.915866;"2604d05f-c510-4a2b-bcfb-c2db72aacec3";47956;"";"";18;2;2012;4;3;"20120203"
"1.23.133.203";"IN";77.216700;28.666700;"";"mlab3-hnd01";0.475515;47264.684506;"0.004006999";"win32";"203.178.130.237";"bittorrent";1328285876;44659.252591;-1.000000;"4bc7e398-0fc2-492e-bf54-7465e7978b45";0;"07";"Delhi";21;2;2012;4;3;"20120203"
"85.26.233.185";"RU";50.118200;53.183500;"AS31133 OJSC MegaFon";"mlab3-hnd01";0.516664;12134.466484;"0.004006999";"win32";"203.178.130.237";"speedtest";1328285983;29286.024767;0.531675;"98e00490-2043-47e4-a2b7-f7346dc95de7";31133;"65";"Samara";16;2;2012;4;3;"20120203"
"182.68.232.108";"IN";77.033300;28.466700;"AS24560 Bharti Airtel Ltd., Telemedia Services";"mlab3-hnd01";0.307032;246390.509906;"0.004006999";"win32";"203.178.130.237";"bittorrent";1328286714;55400.820113;-1.000000;"d3a84fe2-fc06-4bf4-b8ad-7add1d6f9c5f";24560;"10";"Gurgaon";22;2;2012;4;3;"20120203"
"113.199.138.222";"NP";85.316700;27.716700;"AS23752 Nepal Telecommunications Corporation, Internet Services,";"mlab3-hnd01";0.365868;31001.100068;"0.004006999";"win32";"203.178.130.237";"speedtest";1328286756;17483.849029;0.376652;"08a1263f-bb09-440a-9f4f-7da4989df2f4";23752;"00";"Kathmandu";22;2;2012;4;3;"20120203"
"59.183.128.126";"IN";72.825800;18.975000;"AS17813 Mahanagar Telephone Nigam Ltd.";"mlab3-hnd01";0.288230;85563.094540;"0.004006999";"win32";"203.178.130.237";"bittorrent";1328286827;45693.057855;-1.000000;"5814e61b-80fe-4234-a79d-45f03bbfc817";17813;"16";"Mumbai";22;2;2012;4;3;"20120203"
"1.23.133.203";"IN";77.216700;28.666700;"";"mlab3-hnd01";0.505004;12936.706873;"0.004006999";"win32";"203.178.130.237";"speedtest";1328287499;45319.136592;0.571949;"4bc7e398-0fc2-492e-bf54-7465e7978b45";0;"07";"Delhi";22;2;2012;4;3;"20120203"
"31.210.179.44";"IL";34.750000;31.500000;"AS47956 XFONE XFONE COMMUNICATION LTD";"mlab3-hnd01";0.819814;4882.774403;"0.004006999";"win32";"203.178.130.237";"bittorrent";1328287543;18785.083839;-1.000000;"2604d05f-c510-4a2b-bcfb-c2db72aacec3";47956;"";"";18;2;2012;4;3;"20120203"
"85.26.233.185";"RU";50.118200;53.183500;"AS31133 OJSC MegaFon";"mlab3-hnd01";0.429738;24359.215168;"0.004006999";"win32";"203.178.130.237";"bittorrent";1328287562;82067.093480;-1.000000;"98e00490-2043-47e4-a2b7-f7346dc95de7";31133;"65";"Samara";16;2;2012;4;3;"20120203"
"113.199.138.222";"NP";85.316700;27.716700;"AS23752 Nepal Telecommunications Corporation, Internet Services,";"mlab3-hnd01";1.493821;28240.320908;"0.004006999";"win32";"203.178.130.237";"bittorrent";1328288346;9281.309014;-1.000000;"08a1263f-bb09-440a-9f4f-7da4989df2f4";23752;"00";"Kathmandu";22;2;2012;4;3;"20120203"
"59.183.128.126";"IN";72.825800;18.975000;"AS17813 Mahanagar Telephone Nigam Ltd.";"mlab3-hnd01";0.292493;184072.851205;"0.004006999";"win32";"203.178.130.237";"speedtest";1328288437;38095.257009;0.296203;"5814e61b-80fe-4234-a79d-45f03bbfc817";17813;"16";"Mumbai";22;2;2012;4;3;"20120203"
"31.210.179.44";"IL";34.750000;31.500000;"AS47956 XFONE XFONE COMMUNICATION LTD";"mlab3-hnd01";0.739688;4264.178971;"0.004006999";"win32";"203.178.130.237";"speedtest";1328289080;11844.383296;0.717800;"2604d05f-c510-4a2b-bcfb-c2db72aacec3";47956;"";"";19;2;2012;4;3;"20120203"
"85.26.233.185";"RU";50.118200;53.183500;"AS31133 OJSC MegaFon";"mlab3-hnd01";0.455508;15628.353997;"0.004006999";"win32";"203.178.130.237";"speedtest";1328289129;22553.064072;0.486263;"98e00490-2043-47e4-a2b7-f7346dc95de7";31133;"65";"Samara";17;2;2012;4;3;"20120203"
"1.23.133.203";"IN";77.216700;28.666700;"";"mlab3-hnd01";3.683855;29151.565962;"0.004006999";"win32";"203.178.130.237";"bittorrent";1328289285;2148.308912;-1.000000;"4bc7e398-0fc2-492e-bf54-7465e7978b45";0;"07";"Delhi";22;2;2012;4;3;"20120203"
"113.199.138.222";"NP";85.316700;27.716700;"AS23752 Nepal Telecommunications Corporation, Internet Services,";"mlab3-hnd01";0.347939;33450.428736;"0.004006999";"win32";"203.178.130.237";"speedtest";1328289915;26630.198677;0.342755;"08a1263f-bb09-440a-9f4f-7da4989df2f4";23752;"00";"Kathmandu";23;2;2012;4;3;"20120203"
"31.210.179.44";"IL";34.750000;31.500000;"AS47956 XFONE XFONE COMMUNICATION LTD";"mlab3-hnd01";0.558243;3273.854896;"0.004006999";"win32";"203.178.130.237";"bittorrent";1328290698;8642.560875;-1.000000;"2604d05f-c510-4a2b-bcfb-c2db72aacec3";47956;"";"";19;2;2012;4;3;"20120203"
"85.26.233.185";"RU";50.118200;53.183500;"AS31133 OJSC MegaFon";"mlab3-hnd01";0.439321;32891.257011;"0.004006999";"win32";"203.178.130.237";"bittorrent";1328290707;136964.297034;-1.000000;"98e00490-2043-47e4-a2b7-f7346dc95de7";31133;"65";"Samara";17;2;2012;4;3;"20120203"
"1.23.133.203";"IN";77.216700;28.666700;"";"mlab3-hnd01";9.475469;13865.860441;"0.004006999";"win32";"203.178.130.237";"speedtest";1328290919;23604.913913;0.874077;"4bc7e398-0fc2-492e-bf54-7465e7978b45";0;"07";"Delhi";23;2;2012;4;3;"20120203"
"113.199.138.222";"NP";85.316700;27.716700;"AS23752 Nepal Telecommunications Corporation, Internet Services,";"mlab3-hnd01";0.381483;37601.096589;"0.004006999";"win32";"203.178.130.237";"bittorrent";1328291495;18933.455947;-1.000000;"08a1263f-bb09-440a-9f4f-7da4989df2f4";23752;"00";"Kathmandu";23;2;2012;4;3;"20120203"
"31.210.179.44";"IL";34.750000;31.500000;"AS47956 XFONE XFONE COMMUNICATION LTD";"mlab3-hnd01";0.773045;25265.630659;"0.004006999";"win32";"203.178.130.237";"speedtest";1328292240;4591.358677;0.734911;"2604d05f-c510-4a2b-bcfb-c2db72aacec3";47956;"";"";20;2;2012;4;3;"20120203"
"125.24.104.31";"TH";100.501400;13.754000;"AS9737 TOT Public Company Limited";"mlab3-hnd01";0.143072;656715.757211;"0.004005999";"darwin";"203.178.130.237";"bittorrent";1328292252;40788.116039;-1.000000;"7df40405-d522-42c7-b7f1-7f3e7f77432f";9737;"40";"Bangkok";18;2;2012;4;3;"20120203"
"85.26.233.185";"RU";50.118200;53.183500;"AS31133 OJSC MegaFon";"mlab3-hnd01";0.416944;19567.193130;"0.004006999";"win32";"203.178.130.237";"speedtest";1328292272;20739.921353;0.500735;"98e00490-2043-47e4-a2b7-f7346dc95de7";31133;"65";"Samara";18;2;2012;4;3;"20120203"
"1.23.133.203";"IN";77.216700;28.666700;"";"mlab3-hnd01";0.479396;45249.422138;"0.004006999";"win32";"203.178.130.237";"bittorrent";1328292569;36598.400677;-1.000000;"4bc7e398-0fc2-492e-bf54-7465e7978b45";0;"07";"Delhi";23;2;2012;4;3;"20120203"
"113.199.138.222";"NP";85.316700;27.716700;"AS23752 Nepal Telecommunications Corporation, Internet Services,";"mlab3-hnd01";0.231838;48260.067243;"0.004006999";"win32";"203.178.130.237";"speedtest";1328293063;19531.209802;0.228587;"08a1263f-bb09-440a-9f4f-7da4989df2f4";23752;"00";"Kathmandu";0;2;2012;5;4;"20120203"
"125.24.104.31";"TH";100.501400;13.754000;"AS9737 TOT Public Company Limited";"mlab3-hnd01";0.151245;453537.844345;"0.004005999";"darwin";"203.178.130.237";"speedtest";1328293798;25316.944622;0.178901;"7df40405-d522-42c7-b7f1-7f3e7f77432f";9737;"40";"Bangkok";18;2;2012;4;3;"20120203"
"31.210.179.44";"IL";34.750000;31.500000;"AS47956 XFONE XFONE COMMUNICATION LTD";"mlab3-hnd01";0.491914;6379.715601;"0.004006999";"win32";"203.178.130.237";"bittorrent";1328293844;9948.460727;-1.000000;"2604d05f-c510-4a2b-bcfb-c2db72aacec3";47956;"";"";20;2;2012;4;3;"20120203"
"85.26.233.185";"RU";50.118200;53.183500;"AS31133 OJSC MegaFon";"mlab3-hnd01";1.198593;13922.132061;"0.004006999";"win32";"203.178.130.237";"bittorrent";1328293893;32578.166539;-1.000000;"98e00490-2043-47e4-a2b7-f7346dc95de7";31133;"65";"Samara";18;2;2012;4;3;"20120203"
"1.23.133.203";"IN";77.216700;28.666700;"";"mlab3-hnd01";0.473085;16717.291629;"0.004006999";"win32";"203.178.130.237";"speedtest";1328294185;18020.884564;0.546245;"4bc7e398-0fc2-492e-bf54-7465e7978b45";0;"07";"Delhi";0;2;2012;5;4;"20120203"
"113.199.138.222";"NP";85.316700;27.716700;"AS23752 Nepal Telecommunications Corporation, Internet Services,";"mlab3-hnd01";0.271775;53348.157027;"0.004006999";"win32";"203.178.130.237";"bittorrent";1328294649;15338.193659;-1.000000;"08a1263f-bb09-440a-9f4f-7da4989df2f4";23752;"00";"Kathmandu";0;2;2012;5;4;"20120203"
"125.24.104.31";"TH";100.501400;13.754000;"AS9737 TOT Public Company Limited";"mlab3-hnd01";0.186626;650907.756910;"0.004005999";"darwin";"203.178.130.237";"bittorrent";1328295357;28350.584557;-1.000000;"7df40405-d522-42c7-b7f1-7f3e7f77432f";9737;"40";"Bangkok";18;2;2012;4;3;"20120203"
"31.210.179.44";"IL";34.750000;31.500000;"AS47956 XFONE XFONE COMMUNICATION LTD";"mlab3-hnd01";0.595885;25131.434489;"0.004006999";"win32";"203.178.130.237";"speedtest";1328295375;5530.261160;0.722059;"2604d05f-c510-4a2b-bcfb-c2db72aacec3";47956;"";"";20;2;2012;4;3;"20120203"
"1.23.133.203";"IN";77.216700;28.666700;"";"mlab3-hnd01";0.522769;96192.593014;"0.004006999";"win32";"203.178.130.237";"bittorrent";1328295808;34677.471410;-1.000000;"4bc7e398-0fc2-492e-bf54-7465e7978b45";0;"07";"Delhi";0;2;2012;5;4;"20120203"
"113.199.138.222";"NP";85.316700;27.716700;"AS23752 Nepal Telecommunications Corporation, Internet Services,";"mlab3-hnd01";0.222964;54660.931918;"0.004006999";"win32";"203.178.130.237";"speedtest";1328296222;13742.388197;0.224575;"08a1263f-bb09-440a-9f4f-7da4989df2f4";23752;"00";"Kathmandu";0;2;2012;5;4;"20120203"
"83.149.21.39";"RU";100.000000;60.000000;"AS31133 OJSC MegaFon";"mlab3-hnd01";1.104885;78285.902115;"0.004006999";"win32";"203.178.130.237";"bittorrent";1328296499;49422.588155;-1.000000;"98e00490-2043-47e4-a2b7-f7346dc95de7";31133;"";"";19;2;2012;4;3;"20120203"
"125.24.104.31";"TH";100.501400;13.754000;"AS9737 TOT Public Company Limited";"mlab3-hnd01";0.182418;167866.844642;"0.004005999";"darwin";"203.178.130.237";"speedtest";1328296905;33670.830564;0.227784;"7df40405-d522-42c7-b7f1-7f3e7f77432f";9737;"40";"Bangkok";19;2;2012;4;3;"20120203"
"31.210.179.44";"IL";34.750000;31.500000;"AS47956 XFONE XFONE COMMUNICATION LTD";"mlab3-hnd01";0.524377;5394.771879;"0.004006999";"win32";"203.178.130.237";"bittorrent";1328296952;29522.163047;-1.000000;"2604d05f-c510-4a2b-bcfb-c2db72aacec3";47956;"";"";21;2;2012;4;3;"20120203"
"1.23.133.203";"IN";77.216700;28.666700;"";"mlab3-hnd01";0.523966;21892.466012;"0.004006999";"win32";"203.178.130.237";"speedtest";1328297421;28242.891353;0.542860;"4bc7e398-0fc2-492e-bf54-7465e7978b45";0;"07";"Delhi";1;2;2012;5;4;"20120203"
"113.199.138.222";"NP";85.316700;27.716700;"AS23752 Nepal Telecommunications Corporation, Internet Services,";"mlab3-hnd01";0.223909;62515.252271;"0.004006999";"win32";"203.178.130.237";"bittorrent";1328297801;18029.657119;-1.000000;"08a1263f-bb09-440a-9f4f-7da4989df2f4";23752;"00";"Kathmandu";1;2;2012;5;4;"20120203"
"83.149.21.39";"RU";100.000000;60.000000;"AS31133 OJSC MegaFon";"mlab3-hnd01";0.658607;9611.911747;"0.004006999";"win32";"203.178.130.237";"speedtest";1328298136;12710.344681;0.845316;"98e00490-2043-47e4-a2b7-f7346dc95de7";31133;"";"";19;2;2012;4;3;"20120203"
"125.24.104.31";"TH";100.501400;13.754000;"AS9737 TOT Public Company Limited";"mlab3-hnd01";0.146761;690499.666966;"0.004005999";"darwin";"203.178.130.237";"bittorrent";1328298460;52023.268050;-1.000000;"7df40405-d522-42c7-b7f1-7f3e7f77432f";9737;"40";"Bangkok";19;2;2012;4;3;"20120203"
"31.210.179.44";"IL";34.750000;31.500000;"AS47956 XFONE XFONE COMMUNICATION LTD";"mlab3-hnd01";0.513902;8114.371996;"0.004006999";"win32";"203.178.130.237";"speedtest";1328298492;6031.490116;0.812673;"2604d05f-c510-4a2b-bcfb-c2db72aacec3";47956;"";"";21;2;2012;4;3;"20120203"
"1.23.133.203";"IN";77.216700;28.666700;"";"mlab3-hnd01";0.481436;105739.598373;"0.004006999";"win32";"203.178.130.237";"bittorrent";1328299037;27653.073170;-1.000000;"4bc7e398-0fc2-492e-bf54-7465e7978b45";0;"07";"Delhi";1;2;2012;5;4;"20120203"
"113.199.138.222";"NP";85.316700;27.716700;"AS23752 Nepal Telecommunications Corporation, Internet Services,";"mlab3-hnd01";0.222500;56322.503073;"0.004006999";"win32";"203.178.130.237";"speedtest";1328299372;19363.367897;0.218128;"08a1263f-bb09-440a-9f4f-7da4989df2f4";23752;"00";"Kathmandu";1;2;2012;5;4;"20120203"
"83.149.21.39";"RU";100.000000;60.000000;"AS31133 OJSC MegaFon";"mlab3-hnd01";1.236475;39588.086124;"0.004006999";"win32";"203.178.130.237";"bittorrent";1328299797;27217.194144;-1.000000;"98e00490-2043-47e4-a2b7-f7346dc95de7";31133;"";"";20;2;2012;4;3;"20120203"
"125.24.104.31";"TH";100.501400;13.754000;"AS9737 TOT Public Company Limited";"mlab3-hnd01";0.145698;279968.631767;"0.004005999";"darwin";"203.178.130.237";"speedtest";1328300004;30231.214064;0.184264;"7df40405-d522-42c7-b7f1-7f3e7f77432f";9737;"40";"Bangkok";20;2;2012;4;3;"20120203"
"31.210.179.44";"IL";34.750000;31.500000;"AS47956 XFONE XFONE COMMUNICATION LTD";"mlab3-hnd01";0.673842;10992.448952;"0.004006999";"win32";"203.178.130.237";"bittorrent";1328300087;14356.917502;-1.000000;"2604d05f-c510-4a2b-bcfb-c2db72aacec3";47956;"";"";22;2;2012;4;3;"20120203"
"1.23.133.203";"IN";77.216700;28.666700;"";"mlab3-hnd01";0.501960;22289.035928;"0.004006999";"win32";"203.178.130.237";"speedtest";1328300652;26324.209094;0.507132;"4bc7e398-0fc2-492e-bf54-7465e7978b45";0;"07";"Delhi";1;2;2012;5;4;"20120203"
"113.199.138.222";"NP";85.316700;27.716700;"AS23752 Nepal Telecommunications Corporation, Internet Services,";"mlab3-hnd01";0.232378;56129.017213;"0.004006999";"win32";"203.178.130.237";"bittorrent";1328300931;17476.766340;-1.000000;"08a1263f-bb09-440a-9f4f-7da4989df2f4";23752;"00";"Kathmandu";2;2;2012;5;4;"20120203"
"83.149.21.39";"RU";100.000000;60.000000;"AS31133 OJSC MegaFon";"mlab3-hnd01";1.547710;7504.157736;"0.004006999";"win32";"203.178.130.237";"speedtest";1328301443;13073.567251;1.412535;"98e00490-2043-47e4-a2b7-f7346dc95de7";31133;"";"";20;2;2012;4;3;"20120203"
"125.24.104.31";"TH";100.501400;13.754000;"AS9737 TOT Public Company Limited";"mlab3-hnd01";0.157116;722115.400042;"0.004005999";"darwin";"203.178.130.237";"bittorrent";1328301550;57630.520824;-1.000000;"7df40405-d522-42c7-b7f1-7f3e7f77432f";9737;"40";"Bangkok";20;2;2012;4;3;"20120203"
"31.210.179.44";"IL";34.750000;31.500000;"AS47956 XFONE XFONE COMMUNICATION LTD";"mlab3-hnd01";0.402319;6948.489316;"0.004006999";"win32";"203.178.130.237";"speedtest";1328301616;7487.458152;0.784511;"2604d05f-c510-4a2b-bcfb-c2db72aacec3";47956;"";"";22;2;2012;4;3;"20120203"
"1.23.133.203";"IN";77.216700;28.666700;"";"mlab3-hnd01";0.462126;59129.995041;"0.004006999";"win32";"203.178.130.237";"bittorrent";1328302284;19821.916448;-1.000000;"4bc7e398-0fc2-492e-bf54-7465e7978b45";0;"07";"Delhi";2;2;2012;5;4;"20120203"
"125.24.104.31";"TH";100.501400;13.754000;"AS9737 TOT Public Company Limited";"mlab3-hnd01";0.161535;383550.502807;"0.004005999";"darwin";"203.178.130.237";"speedtest";1328303088;35965.020483;0.162415;"7df40405-d522-42c7-b7f1-7f3e7f77432f";9737;"40";"Bangkok";21;2;2012;4;3;"20120203"
"83.149.21.39";"RU";100.000000;60.000000;"AS31133 OJSC MegaFon";"mlab3-hnd01";1.936249;20687.250574;"0.004006999";"win32";"203.178.130.237";"bittorrent";1328303130;20970.223743;-1.000000;"98e00490-2043-47e4-a2b7-f7346dc95de7";31133;"";"";21;2;2012;4;3;"20120203"
"31.210.179.44";"IL";34.750000;31.500000;"AS47956 XFONE XFONE COMMUNICATION LTD";"mlab3-hnd01";0.742844;4985.724309;"0.004006999";"win32";"203.178.130.237";"bittorrent";1328303216;20315.185556;-1.000000;"2604d05f-c510-4a2b-bcfb-c2db72aacec3";47956;"";"";23;2;2012;4;3;"20120203"
"1.23.133.203";"IN";77.216700;28.666700;"";"mlab3-hnd01";0.457272;25899.906433;"0.004006999";"win32";"203.178.130.237";"speedtest";1328303899;26175.367246;0.481858;"4bc7e398-0fc2-492e-bf54-7465e7978b45";0;"07";"Delhi";2;2;2012;5;4;"20120203"
"125.24.104.31";"TH";100.501400;13.754000;"AS9737 TOT Public Company Limited";"mlab3-hnd01";0.148393;629581.580239;"0.004005999";"darwin";"203.178.130.237";"bittorrent";1328304650;22664.108688;-1.000000;"7df40405-d522-42c7-b7f1-7f3e7f77432f";9737;"40";"Bangkok";21;2;2012;4;3;"20120203"
"31.210.179.44";"IL";34.750000;31.500000;"AS47956 XFONE XFONE COMMUNICATION LTD";"mlab3-hnd01";0.409707;6298.347422;"0.004006999";"win32";"203.178.130.237";"speedtest";1328304749;6398.117992;0.934050;"2604d05f-c510-4a2b-bcfb-c2db72aacec3";47956;"";"";23;2;2012;4;3;"20120203"
"83.149.21.39";"RU";100.000000;60.000000;"AS31133 OJSC MegaFon";"mlab3-hnd01";1.408485;7205.422681;"0.004006999";"win32";"203.178.130.237";"speedtest";1328304775;12156.964642;1.221673;"98e00490-2043-47e4-a2b7-f7346dc95de7";31133;"";"";21;2;2012;4;3;"20120203"
"1.23.133.203";"IN";77.216700;28.666700;"";"mlab3-hnd01";0.496195;73296.702699;"0.004006999";"win32";"203.178.130.237";"bittorrent";1328305522;12938.358597;-1.000000;"4bc7e398-0fc2-492e-bf54-7465e7978b45";0;"07";"Delhi";3;2;2012;5;4;"20120203"
"125.24.104.31";"TH";100.501400;13.754000;"AS9737 TOT Public Company Limited";"mlab3-hnd01";1.332961;440500.046616;"0.004005999";"darwin";"203.178.130.237";"speedtest";1328306192;27667.951384;0.175439;"7df40405-d522-42c7-b7f1-7f3e7f77432f";9737;"40";"Bangkok";21;2;2012;4;3;"20120203"
"31.210.179.44";"IL";34.750000;31.500000;"AS47956 XFONE XFONE COMMUNICATION LTD";"mlab3-hnd01";0.748622;9968.381495;"0.004006999";"win32";"203.178.130.237";"bittorrent";1328306345;12012.467799;-1.000000;"2604d05f-c510-4a2b-bcfb-c2db72aacec3";47956;"";"";23;2;2012;4;3;"20120203"
"83.149.21.39";"RU";100.000000;60.000000;"AS31133 OJSC MegaFon";"mlab3-hnd01";1.727660;19373.669306;"0.004006999";"win32";"203.178.130.237";"bittorrent";1328306442;56978.339799;-1.000000;"98e00490-2043-47e4-a2b7-f7346dc95de7";31133;"";"";22;2;2012;4;3;"20120203"
"1.23.133.203";"IN";77.216700;28.666700;"";"mlab3-hnd01";0.468292;28243.929684;"0.004006999";"win32";"203.178.130.237";"speedtest";1328307137;26310.041363;0.512571;"4bc7e398-0fc2-492e-bf54-7465e7978b45";0;"07";"Delhi";3;2;2012;5;4;"20120203"
"125.24.104.31";"TH";100.501400;13.754000;"AS9737 TOT Public Company Limited";"mlab3-hnd01";0.166606;456083.264771;"0.004005999";"darwin";"203.178.130.237";"bittorrent";1328307765;34291.569894;-1.000000;"7df40405-d522-42c7-b7f1-7f3e7f77432f";9737;"40";"Bangkok";22;2;2012;4;3;"20120203"
"31.210.179.44";"IL";34.750000;31.500000;"AS47956 XFONE XFONE COMMUNICATION LTD";"mlab3-hnd01";0.456005;24515.181136;"0.004006999";"win32";"203.178.130.237";"speedtest";1328307882;7137.005517;0.845077;"2604d05f-c510-4a2b-bcfb-c2db72aacec3";47956;"";"";0;2;2012;5;4;"20120203"
"83.149.21.39";"RU";100.000000;60.000000;"AS31133 OJSC MegaFon";"mlab3-hnd01";1.701646;5039.840461;"0.004006999";"win32";"203.178.130.237";"speedtest";1328308090;11260.551841;1.450904;"98e00490-2043-47e4-a2b7-f7346dc95de7";31133;"";"";22;2;2012;4;3;"20120203"
"1.23.133.203";"IN";77.216700;28.666700;"";"mlab3-hnd01";0.452429;107187.975872;"0.004006999";"win32";"203.178.130.237";"bittorrent";1328308760;36168.124731;-1.000000;"4bc7e398-0fc2-492e-bf54-7465e7978b45";0;"07";"Delhi";4;2;2012;5;4;"20120203"
"125.24.104.31";"TH";100.501400;13.754000;"AS9737 TOT Public Company Limited";"mlab3-hnd01";0.188371;476200.658284;"0.004005999";"darwin";"203.178.130.237";"speedtest";1328309303;40909.859334;0.162304;"7df40405-d522-42c7-b7f1-7f3e7f77432f";9737;"40";"Bangkok";22;2;2012;4;3;"20120203"
"31.210.179.44";"IL";34.750000;31.500000;"AS47956 XFONE XFONE COMMUNICATION LTD";"mlab3-hnd01";0.646066;11272.548623;"0.004006999";"win32";"203.178.130.237";"bittorrent";1328309454;14125.378620;-1.000000;"2604d05f-c510-4a2b-bcfb-c2db72aacec3";47956;"";"";0;2;2012;5;4;"20120203"
"83.149.21.39";"RU";100.000000;60.000000;"AS31133 OJSC MegaFon";"mlab3-hnd01";1.174101;23759.406308;"0.004006999";"win32";"203.178.130.237";"bittorrent";1328309752;31091.787709;-1.000000;"98e00490-2043-47e4-a2b7-f7346dc95de7";31133;"";"";22;2;2012;4;3;"20120203"
"1.23.133.203";"IN";77.216700;28.666700;"";"mlab3-hnd01";0.453844;29551.780938;"0.004006999";"win32";"203.178.130.237";"speedtest";1328310379;13682.851880;0.490726;"4bc7e398-0fc2-492e-bf54-7465e7978b45";0;"07";"Delhi";4;2;2012;5;4;"20120203"
"125.24.104.31";"TH";100.501400;13.754000;"AS9737 TOT Public Company Limited";"mlab3-hnd01";0.191803;610647.867272;"0.004005999";"darwin";"203.178.130.237";"bittorrent";1328310862;17862.188300;-1.000000;"7df40405-d522-42c7-b7f1-7f3e7f77432f";9737;"40";"Bangkok";23;2;2012;4;3;"20120203"
"31.210.179.44";"IL";34.750000;31.500000;"AS47956 XFONE XFONE COMMUNICATION LTD";"mlab3-hnd01";0.525679;23167.900170;"0.004006999";"win32";"203.178.130.237";"speedtest";1328310981;11715.891811;0.645064;"2604d05f-c510-4a2b-bcfb-c2db72aacec3";47956;"";"";1;2;2012;5;4;"20120203"
"83.149.21.39";"RU";100.000000;60.000000;"AS31133 OJSC MegaFon";"mlab3-hnd01";0.878657;5610.501312;"0.004006999";"win32";"203.178.130.237";"speedtest";1328311389;12591.340486;0.924343;"98e00490-2043-47e4-a2b7-f7346dc95de7";31133;"";"";23;2;2012;4;3;"20120203"
"1.23.133.203";"IN";77.216700;28.666700;"";"mlab3-hnd01";0.461534;95571.604435;"0.004006999";"win32";"203.178.130.237";"bittorrent";1328311995;27600.644978;-1.000000;"4bc7e398-0fc2-492e-bf54-7465e7978b45";0;"07";"Delhi";5;2;2012;5;4;"20120203"
"31.210.179.44";"IL";34.750000;31.500000;"AS47956 XFONE XFONE COMMUNICATION LTD";"mlab3-hnd01";0.591152;17379.230085;"0.004006999";"win32";"203.178.130.237";"bittorrent";1328312599;10680.864731;-1.000000;"2604d05f-c510-4a2b-bcfb-c2db72aacec3";47956;"";"";1;2;2012;5;4;"20120203"
"83.149.21.39";"RU";100.000000;60.000000;"AS31133 OJSC MegaFon";"mlab3-hnd01";1.054087;15234.159206;"0.004006999";"win32";"203.178.130.237";"bittorrent";1328313042;126088.683791;-1.000000;"98e00490-2043-47e4-a2b7-f7346dc95de7";31133;"";"";23;2;2012;4;3;"20120203"
"92.224.177.151";"DE";7.450000;51.516700;"AS13184 Telefonica Germany GmbH & Co.OHG";"mlab2-ham01";0.054852;959986.792572;"0.004006999";"linux2";"80.239.142.225";"speedtest";1328313592;118464.642881;0.071747;"9f94f95a-9425-4ec6-a64a-2759fde21953";13184;"07";"Dortmund";0;2;2012;5;4;"20120203"
"118.90.118.60";"NZ";174.766700;-36.866700;"AS17435 WorldxChange Communications LTD";"mlab2-wlg01";0.053093;361232.905282;"0.004006999";"win32";"103.10.233.33";"bittorrent";1328228115;15388.040590;-1.000000;"a3fcde25-36f6-433f-93ec-ec9f06c3ac15";17435;"E7";"Auckland";0;2;2012;4;3;"20120203"
"115.126.163.1";"NC";166.450000;-22.266700;"AS45345 Nautile";"mlab2-wlg01";0.079930;750588.296350;"0.004006999";"linux2";"103.10.233.33";"speedtest";1328228193;104312.427951;0.080354;"f50034fa-0b72-4403-af77-e6227fa91d30";45345;"00";"Nouméa";11;2;2012;4;3;"20120203"
"118.90.118.60";"NZ";174.766700;-36.866700;"AS17435 WorldxChange Communications LTD";"mlab2-wlg01";0.053902;351370.167144;"0.004006999";"win32";"103.10.233.33";"speedtest";1328229701;16080.931410;0.043039;"a3fcde25-36f6-433f-93ec-ec9f06c3ac15";17435;"E7";"Auckland";0;2;2012;4;3;"20120203"
"115.126.163.1";"NC";166.450000;-22.266700;"AS45345 Nautile";"mlab2-wlg01";0.078117;744530.256598;"0.004006999";"linux2";"103.10.233.33";"speedtest";1328231274;99254.982799;0.080568;"f50034fa-0b72-4403-af77-e6227fa91d30";45345;"00";"Nouméa";12;2;2012;4;3;"20120203"
"118.90.118.60";"NZ";174.766700;-36.866700;"AS17435 WorldxChange Communications LTD";"mlab2-wlg01";0.052868;379787.395634;"0.004006999";"win32";"103.10.233.33";"bittorrent";1328231297;14919.016873;-1.000000;"a3fcde25-36f6-433f-93ec-ec9f06c3ac15";17435;"E7";"Auckland";1;2;2012;4;3;"20120203"
"118.90.118.60";"NZ";174.766700;-36.866700;"AS17435 WorldxChange Communications LTD";"mlab2-wlg01";0.053615;351244.884942;"0.004006999";"win32";"103.10.233.33";"speedtest";1328232881;19025.031812;0.043197;"a3fcde25-36f6-433f-93ec-ec9f06c3ac15";17435;"E7";"Auckland";1;2;2012;4;3;"20120203"
"115.126.163.1";"NC";166.450000;-22.266700;"AS45345 Nautile";"mlab2-wlg01";0.078227;441356.954075;"0.004006999";"linux2";"103.10.233.33";"speedtest";1328234362;104306.683015;0.082900;"f50034fa-0b72-4403-af77-e6227fa91d30";45345;"00";"Nouméa";12;2;2012;4;3;"20120203"
"118.90.118.60";"NZ";174.766700;-36.866700;"AS17435 WorldxChange Communications LTD";"mlab2-wlg01";0.052643;380003.225850;"0.004006999";"win32";"103.10.233.33";"bittorrent";1328234477;14435.760457;-1.000000;"a3fcde25-36f6-433f-93ec-ec9f06c3ac15";17435;"E7";"Auckland";2;2;2012;4;3;"20120203"
"118.90.118.60";"NZ";174.766700;-36.866700;"AS17435 WorldxChange Communications LTD";"mlab2-wlg01";0.054624;349665.827452;"0.004006999";"win32";"103.10.233.33";"speedtest";1328236063;17269.135949;0.041768;"a3fcde25-36f6-433f-93ec-ec9f06c3ac15";17435;"E7";"Auckland";2;2;2012;4;3;"20120203"
"115.126.163.1";"NC";166.450000;-22.266700;"AS45345 Nautile";"mlab2-wlg01";0.078074;647944.709055;"0.004006999";"linux2";"103.10.233.33";"speedtest";1328237443;103518.966832;0.080985;"f50034fa-0b72-4403-af77-e6227fa91d30";45345;"00";"Nouméa";13;2;2012;4;3;"20120203"
"118.90.118.60";"NZ";174.766700;-36.866700;"AS17435 WorldxChange Communications LTD";"mlab2-wlg01";0.053347;364238.439165;"0.004006999";"win32";"103.10.233.33";"bittorrent";1328237661;12577.155638;-1.000000;"a3fcde25-36f6-433f-93ec-ec9f06c3ac15";17435;"E7";"Auckland";2;2;2012;4;3;"20120203"
"118.90.118.60";"NZ";174.766700;-36.866700;"AS17435 WorldxChange Communications LTD";"mlab2-wlg01";0.053268;350747.049989;"0.004006999";"win32";"103.10.233.33";"speedtest";1328239247;18615.711600;0.043225;"a3fcde25-36f6-433f-93ec-ec9f06c3ac15";17435;"E7";"Auckland";3;2;2012;4;3;"20120203"
"115.126.163.1";"NC";166.450000;-22.266700;"AS45345 Nautile";"mlab2-wlg01";0.078171;496820.239789;"0.004006999";"linux2";"103.10.233.33";"speedtest";1328240522;95931.122464;0.080317;"f50034fa-0b72-4403-af77-e6227fa91d30";45345;"00";"Nouméa";14;2;2012;4;3;"20120203"
"118.90.118.60";"NZ";174.766700;-36.866700;"AS17435 WorldxChange Communications LTD";"mlab2-wlg01";0.053046;363244.424577;"0.004006999";"win32";"103.10.233.33";"bittorrent";1328240837;15236.559864;-1.000000;"a3fcde25-36f6-433f-93ec-ec9f06c3ac15";17435;"E7";"Auckland";3;2;2012;4;3;"20120203"
"118.90.118.60";"NZ";174.766700;-36.866700;"AS17435 WorldxChange Communications LTD";"mlab2-wlg01";0.053450;347024.798445;"0.004006999";"win32";"103.10.233.33";"speedtest";1328242426;12333.563653;0.041393;"a3fcde25-36f6-433f-93ec-ec9f06c3ac15";17435;"E7";"Auckland";4;2;2012;4;3;"20120203"
"115.126.163.1";"NC";166.450000;-22.266700;"AS45345 Nautile";"mlab2-wlg01";0.078048;440803.599082;"0.004006999";"linux2";"103.10.233.33";"speedtest";1328243605;99356.350446;0.081698;"f50034fa-0b72-4403-af77-e6227fa91d30";45345;"00";"Nouméa";15;2;2012;4;3;"20120203"
"118.90.118.60";"NZ";174.766700;-36.866700;"AS17435 WorldxChange Communications LTD";"mlab2-wlg01";0.052830;360921.807585;"0.004006999";"win32";"103.10.233.33";"bittorrent";1328244028;15026.059721;-1.000000;"a3fcde25-36f6-433f-93ec-ec9f06c3ac15";17435;"E7";"Auckland";4;2;2012;4;3;"20120203"
"118.90.118.60";"NZ";174.766700;-36.866700;"AS17435 WorldxChange Communications LTD";"mlab2-wlg01";0.053072;351403.982996;"0.004006999";"win32";"103.10.233.33";"speedtest";1328245628;13769.808704;0.043371;"a3fcde25-36f6-433f-93ec-ec9f06c3ac15";17435;"E7";"Auckland";5;2;2012;4;3;"20120203"
"115.126.163.1";"NC";166.450000;-22.266700;"AS45345 Nautile";"mlab2-wlg01";0.079384;417648.392343;"0.004006999";"linux2";"103.10.233.33";"speedtest";1328246691;103596.229493;0.080589;"f50034fa-0b72-4403-af77-e6227fa91d30";45345;"00";"Nouméa";16;2;2012;4;3;"20120203"
"118.90.118.60";"NZ";174.766700;-36.866700;"AS17435 WorldxChange Communications LTD";"mlab2-wlg01";0.053073;363421.452372;"0.004006999";"win32";"103.10.233.33";"bittorrent";1328247218;15054.897517;-1.000000;"a3fcde25-36f6-433f-93ec-ec9f06c3ac15";17435;"E7";"Auckland";5;2;2012;4;3;"20120203"
"118.90.118.60";"NZ";174.766700;-36.866700;"AS17435 WorldxChange Communications LTD";"mlab2-wlg01";0.053053;348686.354331;"0.004006999";"win32";"103.10.233.33";"speedtest";1328248804;17780.451290;0.040902;"a3fcde25-36f6-433f-93ec-ec9f06c3ac15";17435;"E7";"Auckland";6;2;2012;4;3;"20120203"
"115.126.163.1";"NC";166.450000;-22.266700;"AS45345 Nautile";"mlab2-wlg01";0.078376;649973.024032;"0.004006999";"linux2";"103.10.233.33";"speedtest";1328249772;103750.887875;0.081739;"f50034fa-0b72-4403-af77-e6227fa91d30";45345;"00";"Nouméa";17;2;2012;4;3;"20120203"
"118.90.118.60";"NZ";174.766700;-36.866700;"AS17435 WorldxChange Communications LTD";"mlab2-wlg01";0.053308;363556.433145;"0.004006999";"win32";"103.10.233.33";"bittorrent";1328250402;13308.729720;-1.000000;"a3fcde25-36f6-433f-93ec-ec9f06c3ac15";17435;"E7";"Auckland";6;2;2012;4;3;"20120203"
"118.90.118.60";"NZ";174.766700;-36.866700;"AS17435 WorldxChange Communications LTD";"mlab2-wlg01";0.053227;349003.690243;"0.004006999";"win32";"103.10.233.33";"speedtest";1328251990;17865.861478;0.045611;"a3fcde25-36f6-433f-93ec-ec9f06c3ac15";17435;"E7";"Auckland";6;2;2012;4;3;"20120203"
"115.126.163.1";"NC";166.450000;-22.266700;"AS45345 Nautile";"mlab2-wlg01";0.078406;396543.522527;"0.004006999";"linux2";"103.10.233.33";"speedtest";1328252852;101637.814614;0.080887;"f50034fa-0b72-4403-af77-e6227fa91d30";45345;"00";"Nouméa";18;2;2012;4;3;"20120203"
"118.90.118.60";"NZ";174.766700;-36.866700;"AS17435 WorldxChange Communications LTD";"mlab2-wlg01";0.053218;363521.904474;"0.004006999";"win32";"103.10.233.33";"bittorrent";1328253582;14965.315463;-1.000000;"a3fcde25-36f6-433f-93ec-ec9f06c3ac15";17435;"E7";"Auckland";7;2;2012;4;3;"20120203"
"118.90.118.60";"NZ";174.766700;-36.866700;"AS17435 WorldxChange Communications LTD";"mlab2-wlg01";0.053070;350326.323145;"0.004006999";"win32";"103.10.233.33";"speedtest";1328255170;16894.355107;0.043036;"a3fcde25-36f6-433f-93ec-ec9f06c3ac15";17435;"E7";"Auckland";7;2;2012;4;3;"20120203"
"115.126.163.1";"NC";166.450000;-22.266700;"AS45345 Nautile";"mlab2-wlg01";0.079384;332176.694735;"0.004006999";"linux2";"103.10.233.33";"speedtest";1328255936;90561.999079;0.081259;"f50034fa-0b72-4403-af77-e6227fa91d30";45345;"00";"Nouméa";18;2;2012;4;3;"20120203"
"118.90.118.60";"NZ";174.766700;-36.866700;"AS17435 WorldxChange Communications LTD";"mlab2-wlg01";0.053362;380296.380056;"0.004006999";"win32";"103.10.233.33";"bittorrent";1328256783;15151.843442;-1.000000;"a3fcde25-36f6-433f-93ec-ec9f06c3ac15";17435;"E7";"Auckland";8;2;2012;4;3;"20120203"
"118.90.118.60";"NZ";174.766700;-36.866700;"AS17435 WorldxChange Communications LTD";"mlab2-wlg01";0.053126;350578.388760;"0.004006999";"win32";"103.10.233.33";"speedtest";1328258371;16967.761779;0.042852;"a3fcde25-36f6-433f-93ec-ec9f06c3ac15";17435;"E7";"Auckland";8;2;2012;4;3;"20120203"
"115.126.163.1";"NC";166.450000;-22.266700;"AS45345 Nautile";"mlab2-wlg01";0.077503;370777.652208;"0.004006999";"linux2";"103.10.233.33";"speedtest";1328259017;102742.599471;0.081532;"f50034fa-0b72-4403-af77-e6227fa91d30";45345;"00";"Nouméa";19;2;2012;4;3;"20120203"
"118.90.118.60";"NZ";174.766700;-36.866700;"AS17435 WorldxChange Communications LTD";"mlab2-wlg01";0.053084;363511.908432;"0.004006999";"win32";"103.10.233.33";"bittorrent";1328259955;15569.774968;-1.000000;"a3fcde25-36f6-433f-93ec-ec9f06c3ac15";17435;"E7";"Auckland";9;2;2012;4;3;"20120203"
"118.90.118.60";"NZ";174.766700;-36.866700;"AS17435 WorldxChange Communications LTD";"mlab2-wlg01";0.053692;348392.161107;"0.004006999";"win32";"103.10.233.33";"speedtest";1328261543;20435.099715;0.043225;"a3fcde25-36f6-433f-93ec-ec9f06c3ac15";17435;"E7";"Auckland";9;2;2012;4;3;"20120203"
"115.126.163.1";"NC";166.450000;-22.266700;"AS45345 Nautile";"mlab2-wlg01";0.078492;351720.307410;"0.004006999";"linux2";"103.10.233.33";"speedtest";1328262094;101342.942864;0.080793;"f50034fa-0b72-4403-af77-e6227fa91d30";45345;"00";"Nouméa";20;2;2012;4;3;"20120203"
"118.90.118.60";"NZ";174.766700;-36.866700;"AS17435 WorldxChange Communications LTD";"mlab2-wlg01";0.052972;355505.050912;"0.004006999";"win32";"103.10.233.33";"bittorrent";1328263128;9600.707200;-1.000000;"a3fcde25-36f6-433f-93ec-ec9f06c3ac15";17435;"E7";"Auckland";9;2;2012;4;3;"20120203"
"118.90.118.60";"NZ";174.766700;-36.866700;"AS17435 WorldxChange Communications LTD";"mlab2-wlg01";0.053278;347896.463875;"0.004006999";"win32";"103.10.233.33";"speedtest";1328264718;16011.480492;0.043026;"a3fcde25-36f6-433f-93ec-ec9f06c3ac15";17435;"E7";"Auckland";10;2;2012;4;3;"20120203"
"115.126.163.1";"NC";166.450000;-22.266700;"AS45345 Nautile";"mlab2-wlg01";0.078195;314181.910288;"0.004006999";"linux2";"103.10.233.33";"speedtest";1328265179;97625.847221;0.081145;"f50034fa-0b72-4403-af77-e6227fa91d30";45345;"00";"Nouméa";21;2;2012;4;3;"20120203"
"118.90.118.60";"NZ";174.766700;-36.866700;"AS17435 WorldxChange Communications LTD";"mlab2-wlg01";0.052570;333126.210481;"0.004006999";"win32";"103.10.233.33";"bittorrent";1328266310;11590.391351;-1.000000;"a3fcde25-36f6-433f-93ec-ec9f06c3ac15";17435;"E7";"Auckland";10;2;2012;4;3;"20120203"
"118.90.118.60";"NZ";174.766700;-36.866700;"AS17435 WorldxChange Communications LTD";"mlab2-wlg01";0.053959;286708.741208;"0.004006999";"win32";"103.10.233.33";"speedtest";1328267900;16575.657288;0.048913;"a3fcde25-36f6-433f-93ec-ec9f06c3ac15";17435;"E7";"Auckland";11;2;2012;4;3;"20120203"
"115.126.163.1";"NC";166.450000;-22.266700;"AS45345 Nautile";"mlab2-wlg01";0.077914;327825.768526;"0.004006999";"linux2";"103.10.233.33";"speedtest";1328268263;92568.437258;0.082528;"f50034fa-0b72-4403-af77-e6227fa91d30";45345;"00";"Nouméa";22;2;2012;4;3;"20120203"
"118.90.118.60";"NZ";174.766700;-36.866700;"AS17435 WorldxChange Communications LTD";"mlab2-wlg01";0.052752;363960.217044;"0.004006999";"win32";"103.10.233.33";"bittorrent";1328269493;14047.668891;-1.000000;"a3fcde25-36f6-433f-93ec-ec9f06c3ac15";17435;"E7";"Auckland";11;2;2012;4;3;"20120203"
"118.90.118.60";"NZ";174.766700;-36.866700;"AS17435 WorldxChange Communications LTD";"mlab2-wlg01";0.053599;346453.094436;"0.004006999";"win32";"103.10.233.33";"speedtest";1328271080;18121.911856;0.043103;"a3fcde25-36f6-433f-93ec-ec9f06c3ac15";17435;"E7";"Auckland";12;2;2012;4;3;"20120203"
"115.126.163.1";"NC";166.450000;-22.266700;"AS45345 Nautile";"mlab2-wlg01";0.078830;538448.392873;"0.004006999";"linux2";"103.10.233.33";"speedtest";1328271342;101276.708759;0.081331;"f50034fa-0b72-4403-af77-e6227fa91d30";45345;"00";"Nouméa";23;2;2012;4;3;"20120203"
"118.90.118.60";"NZ";174.766700;-36.866700;"AS17435 WorldxChange Communications LTD";"mlab2-wlg01";0.053109;363933.296135;"0.004006999";"win32";"103.10.233.33";"bittorrent";1328272670;15916.578078;-1.000000;"a3fcde25-36f6-433f-93ec-ec9f06c3ac15";17435;"E7";"Auckland";12;2;2012;4;3;"20120203"
"115.126.163.1";"NC";166.450000;-22.266700;"AS45345 Nautile";"mlab2-wlg01";0.077383;1138872.145230;"0.004006999";"linux2";"103.10.233.33";"speedtest";1328274421;88214.645037;0.080326;"f50034fa-0b72-4403-af77-e6227fa91d30";45345;"00";"Nouméa";0;2;2012;5;4;"20120203"
"115.126.163.1";"NC";166.450000;-22.266700;"AS45345 Nautile";"mlab2-wlg01";0.078291;1050271.016900;"0.004006999";"linux2";"103.10.233.33";"speedtest";1328277496;102819.576599;0.080585;"f50034fa-0b72-4403-af77-e6227fa91d30";45345;"00";"Nouméa";0;2;2012;5;4;"20120203"
"115.126.163.1";"NC";166.450000;-22.266700;"AS45345 Nautile";"mlab2-wlg01";0.077705;853903.147529;"0.004006999";"linux2";"103.10.233.33";"speedtest";1328280575;99754.488183;0.080935;"f50034fa-0b72-4403-af77-e6227fa91d30";45345;"00";"Nouméa";1;2;2012;5;4;"20120203"
"115.126.163.1";"NC";166.450000;-22.266700;"AS45345 Nautile";"mlab2-wlg01";0.077049;886435.859762;"0.004006999";"linux2";"103.10.233.33";"speedtest";1328283654;102818.991651;0.079987;"f50034fa-0b72-4403-af77-e6227fa91d30";45345;"00";"Nouméa";2;2;2012;5;4;"20120203"
"115.126.163.1";"NC";166.450000;-22.266700;"AS45345 Nautile";"mlab2-wlg01";0.077674;822925.196961;"0.004006999";"linux2";"103.10.233.33";"speedtest";1328286733;102253.622278;0.079908;"f50034fa-0b72-4403-af77-e6227fa91d30";45345;"00";"Nouméa";3;2;2012;5;4;"20120203"
"115.126.163.1";"NC";166.450000;-22.266700;"AS45345 Nautile";"mlab2-wlg01";0.077720;804919.872123;"0.004006999";"linux2";"103.10.233.33";"speedtest";1328289813;103732.988516;0.081411;"f50034fa-0b72-4403-af77-e6227fa91d30";45345;"00";"Nouméa";4;2;2012;5;4;"20120203"
"115.126.163.1";"NC";166.450000;-22.266700;"AS45345 Nautile";"mlab2-wlg01";0.077275;804781.222149;"0.004006999";"linux2";"103.10.233.33";"speedtest";1328292892;103814.931096;0.079922;"f50034fa-0b72-4403-af77-e6227fa91d30";45345;"00";"Nouméa";5;2;2012;5;4;"20120203"
"115.126.163.1";"NC";166.450000;-22.266700;"AS45345 Nautile";"mlab2-wlg01";0.077679;700991.678530;"0.004006999";"linux2";"103.10.233.33";"speedtest";1328295973;93189.955526;0.080599;"f50034fa-0b72-4403-af77-e6227fa91d30";45345;"00";"Nouméa";6;2;2012;5;4;"20120203"
"118.90.118.60";"NZ";174.766700;-36.866700;"AS17435 WorldxChange Communications LTD";"mlab2-wlg01";0.053602;355361.080936;"0.004006999";"win32";"103.10.233.33";"speedtest";1328296239;15501.569906;0.043306;"a3fcde25-36f6-433f-93ec-ec9f06c3ac15";17435;"E7";"Auckland";19;2;2012;4;3;"20120203"
"118.90.118.60";"NZ";174.766700;-36.866700;"AS17435 WorldxChange Communications LTD";"mlab2-wlg01";0.052823;362682.024523;"0.004006999";"win32";"103.10.233.33";"bittorrent";1328297862;14891.947399;-1.000000;"a3fcde25-36f6-433f-93ec-ec9f06c3ac15";17435;"E7";"Auckland";19;2;2012;4;3;"20120203"
"115.126.163.1";"NC";166.450000;-22.266700;"AS45345 Nautile";"mlab2-wlg01";0.077857;781922.502867;"0.004006999";"linux2";"103.10.233.33";"speedtest";1328299050;92407.852608;0.080007;"f50034fa-0b72-4403-af77-e6227fa91d30";45345;"00";"Nouméa";6;2;2012;5;4;"20120203"
"118.90.118.60";"NZ";174.766700;-36.866700;"AS17435 WorldxChange Communications LTD";"mlab2-wlg01";0.053242;348833.930799;"0.004006999";"win32";"103.10.233.33";"speedtest";1328299455;13939.432144;0.043303;"a3fcde25-36f6-433f-93ec-ec9f06c3ac15";17435;"E7";"Auckland";20;2;2012;4;3;"20120203"
"118.90.118.60";"NZ";174.766700;-36.866700;"AS17435 WorldxChange Communications LTD";"mlab2-wlg01";0.055880;363221.029743;"0.004006999";"win32";"103.10.233.33";"bittorrent";1328301035;14526.132279;-1.000000;"a3fcde25-36f6-433f-93ec-ec9f06c3ac15";17435;"E7";"Auckland";20;2;2012;4;3;"20120203"
"115.126.163.1";"NC";166.450000;-22.266700;"AS45345 Nautile";"mlab2-wlg01";0.077853;822279.781301;"0.004006999";"linux2";"103.10.233.33";"speedtest";1328302131;95270.819056;0.082896;"f50034fa-0b72-4403-af77-e6227fa91d30";45345;"00";"Nouméa";7;2;2012;5;4;"20120203"
"118.90.118.60";"NZ";174.766700;-36.866700;"AS17435 WorldxChange Communications LTD";"mlab2-wlg01";0.053018;350401.831761;"0.004006999";"win32";"103.10.233.33";"speedtest";1328302625;20528.893181;0.042662;"a3fcde25-36f6-433f-93ec-ec9f06c3ac15";17435;"E7";"Auckland";20;2;2012;4;3;"20120203"
"118.90.118.60";"NZ";174.766700;-36.866700;"AS17435 WorldxChange Communications LTD";"mlab2-wlg01";0.053455;358429.453442;"0.004006999";"win32";"103.10.233.33";"bittorrent";1328304204;14048.250429;-1.000000;"a3fcde25-36f6-433f-93ec-ec9f06c3ac15";17435;"E7";"Auckland";21;2;2012;4;3;"20120203"
"115.126.163.1";"NC";166.450000;-22.266700;"AS45345 Nautile";"mlab2-wlg01";0.078342;817593.072385;"0.004006999";"linux2";"103.10.233.33";"speedtest";1328305217;101821.527309;0.082527;"f50034fa-0b72-4403-af77-e6227fa91d30";45345;"00";"Nouméa";8;2;2012;5;4;"20120203"
"115.126.163.1";"NC";166.450000;-22.266700;"AS45345 Nautile";"mlab2-wlg01";0.077997;856263.276724;"0.004006999";"linux2";"103.10.233.33";"speedtest";1328308303;94746.919399;0.080795;"f50034fa-0b72-4403-af77-e6227fa91d30";45345;"00";"Nouméa";9;2;2012;5;4;"20120203"
"115.126.163.1";"NC";166.450000;-22.266700;"AS45345 Nautile";"mlab2-wlg01";0.081424;555038.371157;"0.004006999";"linux2";"103.10.233.33";"speedtest";1328311384;102680.790561;0.081523;"f50034fa-0b72-4403-af77-e6227fa91d30";45345;"00";"Nouméa";10;2;2012;5;4;"20120203"
"80.13.36.112";"FR";2.350000;48.860000;"AS3215 Orange S.A.";"mlab2-par01";0.045262;860749.897081;"0.004006999";"linux2";"80.239.168.225";"speedtest";1328313585;107144.655096;0.047796;"116f2467-f6e2-42bd-ad41-1fd5165c463d";3215;"";"";0;2;2012;5;4;"20120203"
"77.247.149.11";"NO";11.433300;59.916700;"AS43568 Romerike Bredband AS";"mlab2-par01";0.074752;749526.841874;"0.004006999";"win32";"80.239.168.225";"speedtest";1328313541;83262.915695;0.066362;"bb6d9878-c505-479a-9bb8-51ef74a4a6b2";43568;"01";"Aurskog";0;2;2012;5;4;"20120203"
"62.1.145.72";"GR";23.733300;37.983300;"AS1241 Forthnet";"mlab3-ath02";0.026209;330528.614625;"0.004006999";"win32";"83.212.5.173";"speedtest";1328228218;86516.079812;0.039192;"062ac9cd-ccd3-4d13-9905-fe4beb7155a0";1241;"35";"Athens";2;2;2012;4;3;"20120203"
"62.1.145.72";"GR";23.733300;37.983300;"AS1241 Forthnet";"mlab3-ath02";0.027302;629688.252861;"0.004006999";"win32";"83.212.5.173";"bittorrent";1328229614;118678.368460;-1.000000;"062ac9cd-ccd3-4d13-9905-fe4beb7155a0";1241;"35";"Athens";2;2;2012;4;3;"20120203"
"62.1.145.72";"GR";23.733300;37.983300;"AS1241 Forthnet";"mlab3-ath02";0.030875;290158.960057;"0.004006999";"win32";"83.212.5.173";"speedtest";1328231008;72362.436247;0.032322;"062ac9cd-ccd3-4d13-9905-fe4beb7155a0";1241;"35";"Athens";3;2;2012;4;3;"20120203"
"62.1.145.72";"GR";23.733300;37.983300;"AS1241 Forthnet";"mlab3-ath02";0.026551;354474.237288;"0.004006999";"win32";"83.212.5.173";"bittorrent";1328232408;96741.454407;-1.000000;"062ac9cd-ccd3-4d13-9905-fe4beb7155a0";1241;"35";"Athens";3;2;2012;4;3;"20120203"
"62.1.145.72";"GR";23.733300;37.983300;"AS1241 Forthnet";"mlab3-ath02";0.025850;346464.149728;"0.004006999";"win32";"83.212.5.173";"speedtest";1328233799;97445.648007;0.029455;"062ac9cd-ccd3-4d13-9905-fe4beb7155a0";1241;"35";"Athens";3;2;2012;4;3;"20120203"
"62.1.145.72";"GR";23.733300;37.983300;"AS1241 Forthnet";"mlab3-ath02";0.031777;520051.784865;"0.004006999";"win32";"83.212.5.173";"bittorrent";1328235191;100339.860570;-1.000000;"062ac9cd-ccd3-4d13-9905-fe4beb7155a0";1241;"35";"Athens";4;2;2012;4;3;"20120203"
"62.1.145.72";"GR";23.733300;37.983300;"AS1241 Forthnet";"mlab3-ath02";0.042620;482892.101995;"0.004006999";"win32";"83.212.5.173";"speedtest";1328236582;98241.579480;0.030518;"062ac9cd-ccd3-4d13-9905-fe4beb7155a0";1241;"35";"Athens";4;2;2012;4;3;"20120203"
"62.1.145.72";"GR";23.733300;37.983300;"AS1241 Forthnet";"mlab3-ath02";0.026468;569188.751368;"0.004006999";"win32";"83.212.5.173";"bittorrent";1328237975;109958.527655;-1.000000;"062ac9cd-ccd3-4d13-9905-fe4beb7155a0";1241;"35";"Athens";4;2;2012;4;3;"20120203"
"62.1.145.72";"GR";23.733300;37.983300;"AS1241 Forthnet";"mlab3-ath02";0.027153;445963.039109;"0.004006999";"win32";"83.212.5.173";"speedtest";1328239368;100205.313457;0.028737;"062ac9cd-ccd3-4d13-9905-fe4beb7155a0";1241;"35";"Athens";5;2;2012;4;3;"20120203"
"62.1.145.72";"GR";23.733300;37.983300;"AS1241 Forthnet";"mlab3-ath02";0.033419;746221.031874;"0.004006999";"win32";"83.212.5.173";"bittorrent";1328240761;90306.924050;-1.000000;"062ac9cd-ccd3-4d13-9905-fe4beb7155a0";1241;"35";"Athens";5;2;2012;4;3;"20120203"
"62.1.145.72";"GR";23.733300;37.983300;"AS1241 Forthnet";"mlab3-ath02";0.043730;674933.513656;"0.004006999";"win32";"83.212.5.173";"speedtest";1328242153;80308.137709;0.028988;"062ac9cd-ccd3-4d13-9905-fe4beb7155a0";1241;"35";"Athens";6;2;2012;4;3;"20120203"
"62.1.145.72";"GR";23.733300;37.983300;"AS1241 Forthnet";"mlab3-ath02";0.046746;679032.232489;"0.004006999";"win32";"83.212.5.173";"bittorrent";1328243546;85047.329731;-1.000000;"062ac9cd-ccd3-4d13-9905-fe4beb7155a0";1241;"35";"Athens";6;2;2012;4;3;"20120203"
"62.1.145.72";"GR";23.733300;37.983300;"AS1241 Forthnet";"mlab3-ath02";0.026160;665650.592931;"0.004006999";"win32";"83.212.5.173";"speedtest";1328244939;99947.825778;0.028520;"062ac9cd-ccd3-4d13-9905-fe4beb7155a0";1241;"35";"Athens";6;2;2012;4;3;"20120203"
"62.1.145.72";"GR";23.733300;37.983300;"AS1241 Forthnet";"mlab3-ath02";0.036915;596261.326288;"0.004006999";"win32";"83.212.5.173";"bittorrent";1328246332;110274.989450;-1.000000;"062ac9cd-ccd3-4d13-9905-fe4beb7155a0";1241;"35";"Athens";7;2;2012;4;3;"20120203"
"62.1.145.72";"GR";23.733300;37.983300;"AS1241 Forthnet";"mlab3-ath02";0.028548;680595.586068;"0.004006999";"win32";"83.212.5.173";"speedtest";1328247726;74396.038420;0.028563;"062ac9cd-ccd3-4d13-9905-fe4beb7155a0";1241;"35";"Athens";7;2;2012;4;3;"20120203"
"62.1.145.72";"GR";23.733300;37.983300;"AS1241 Forthnet";"mlab3-ath02";0.026222;626117.691350;"0.004006999";"win32";"83.212.5.173";"bittorrent";1328249120;109841.294846;-1.000000;"062ac9cd-ccd3-4d13-9905-fe4beb7155a0";1241;"35";"Athens";8;2;2012;4;3;"20120203"
"62.1.145.72";"GR";23.733300;37.983300;"AS1241 Forthnet";"mlab3-ath02";0.026734;692045.597034;"0.004006999";"win32";"83.212.5.173";"speedtest";1328250513;73194.525033;0.029820;"062ac9cd-ccd3-4d13-9905-fe4beb7155a0";1241;"35";"Athens";8;2;2012;4;3;"20120203"
"62.1.145.72";"GR";23.733300;37.983300;"AS1241 Forthnet";"mlab3-ath02";0.026529;767021.524514;"0.004006999";"win32";"83.212.5.173";"bittorrent";1328251904;112782.289343;-1.000000;"062ac9cd-ccd3-4d13-9905-fe4beb7155a0";1241;"35";"Athens";8;2;2012;4;3;"20120203"
"62.1.145.72";"GR";23.733300;37.983300;"AS1241 Forthnet";"mlab3-ath02";0.043724;679686.307754;"0.004006999";"win32";"83.212.5.173";"speedtest";1328253296;100992.543553;0.028564;"062ac9cd-ccd3-4d13-9905-fe4beb7155a0";1241;"35";"Athens";9;2;2012;4;3;"20120203"
"62.1.145.72";"GR";23.733300;37.983300;"AS1241 Forthnet";"mlab3-ath02";0.036840;618724.067171;"0.004006999";"win32";"83.212.5.173";"bittorrent";1328254691;104377.220479;-1.000000;"062ac9cd-ccd3-4d13-9905-fe4beb7155a0";1241;"35";"Athens";9;2;2012;4;3;"20120203"
"62.1.145.72";"GR";23.733300;37.983300;"AS1241 Forthnet";"mlab3-ath02";0.039445;603234.032933;"0.004006999";"win32";"83.212.5.173";"speedtest";1328256083;100401.636375;0.029444;"062ac9cd-ccd3-4d13-9905-fe4beb7155a0";1241;"35";"Athens";10;2;2012;4;3;"20120203"
"62.1.145.72";"GR";23.733300;37.983300;"AS1241 Forthnet";"mlab3-ath02";0.037286;577515.342828;"0.004006999";"win32";"83.212.5.173";"bittorrent";1328257477;90070.793739;-1.000000;"062ac9cd-ccd3-4d13-9905-fe4beb7155a0";1241;"35";"Athens";10;2;2012;4;3;"20120203"
"62.1.145.72";"GR";23.733300;37.983300;"AS1241 Forthnet";"mlab3-ath02";0.026552;509006.211228;"0.004006999";"win32";"83.212.5.173";"speedtest";1328258871;100387.462826;0.050961;"062ac9cd-ccd3-4d13-9905-fe4beb7155a0";1241;"35";"Athens";10;2;2012;4;3;"20120203"
"62.1.145.72";"GR";23.733300;37.983300;"AS1241 Forthnet";"mlab3-ath02";0.026127;730701.012350;"0.004006999";"win32";"83.212.5.173";"bittorrent";1328260262;112874.704417;-1.000000;"062ac9cd-ccd3-4d13-9905-fe4beb7155a0";1241;"35";"Athens";11;2;2012;4;3;"20120203"
"62.1.145.72";"GR";23.733300;37.983300;"AS1241 Forthnet";"mlab3-ath02";0.026123;399212.088561;"0.004006999";"win32";"83.212.5.173";"speedtest";1328261658;82354.970986;0.051674;"062ac9cd-ccd3-4d13-9905-fe4beb7155a0";1241;"35";"Athens";11;2;2012;4;3;"20120203"
"62.1.145.72";"GR";23.733300;37.983300;"AS1241 Forthnet";"mlab3-ath02";0.030377;730153.123072;"0.004006999";"win32";"83.212.5.173";"bittorrent";1328263055;99678.469424;-1.000000;"062ac9cd-ccd3-4d13-9905-fe4beb7155a0";1241;"35";"Athens";11;2;2012;4;3;"20120203"
"62.1.145.72";"GR";23.733300;37.983300;"AS1241 Forthnet";"mlab3-ath02";0.050755;319357.041494;"0.004006999";"win32";"83.212.5.173";"speedtest";1328264449;77104.613216;0.051768;"062ac9cd-ccd3-4d13-9905-fe4beb7155a0";1241;"35";"Athens";12;2;2012;4;3;"20120203"
"62.1.145.72";"GR";23.733300;37.983300;"AS1241 Forthnet";"mlab3-ath02";0.049716;515467.556179;"0.004006999";"win32";"83.212.5.173";"bittorrent";1328265846;85781.041352;-1.000000;"062ac9cd-ccd3-4d13-9905-fe4beb7155a0";1241;"35";"Athens";12;2;2012;4;3;"20120203"
"62.1.145.72";"GR";23.733300;37.983300;"AS1241 Forthnet";"mlab3-ath02";0.029815;145956.868559;"0.004006999";"win32";"83.212.5.173";"speedtest";1328267244;80948.054720;0.038918;"062ac9cd-ccd3-4d13-9905-fe4beb7155a0";1241;"35";"Athens";13;2;2012;4;3;"20120203"
"62.1.145.72";"GR";23.733300;37.983300;"AS1241 Forthnet";"mlab3-ath02";0.112483;80281.562361;"0.004006999";"win32";"83.212.5.173";"bittorrent";1328268674;61535.904186;-1.000000;"062ac9cd-ccd3-4d13-9905-fe4beb7155a0";1241;"35";"Athens";13;2;2012;4;3;"20120203"
"62.1.145.72";"GR";23.733300;37.983300;"AS1241 Forthnet";"mlab3-ath02";0.158985;109445.355038;"0.004006999";"win32";"83.212.5.173";"speedtest";1328270071;65255.488498;0.122038;"062ac9cd-ccd3-4d13-9905-fe4beb7155a0";1241;"35";"Athens";13;2;2012;4;3;"20120203"
"62.1.145.72";"GR";23.733300;37.983300;"AS1241 Forthnet";"mlab3-ath02";9.132707;77185.583339;"0.004006999";"win32";"83.212.5.173";"bittorrent";1328271478;62367.583428;-1.000000;"062ac9cd-ccd3-4d13-9905-fe4beb7155a0";1241;"35";"Athens";14;2;2012;4;3;"20120203"
"62.1.145.72";"GR";23.733300;37.983300;"AS1241 Forthnet";"mlab3-ath02";0.141642;67779.167917;"0.004006999";"win32";"83.212.5.173";"speedtest";1328272876;71120.074871;0.186534;"062ac9cd-ccd3-4d13-9905-fe4beb7155a0";1241;"35";"Athens";14;2;2012;4;3;"20120203"
"62.1.145.72";"GR";23.733300;37.983300;"AS1241 Forthnet";"mlab3-ath02";0.087642;213950.386290;"0.004006999";"win32";"83.212.5.173";"bittorrent";1328274275;73609.585191;-1.000000;"062ac9cd-ccd3-4d13-9905-fe4beb7155a0";1241;"35";"Athens";15;2;2012;4;3;"20120203"
"62.1.145.72";"GR";23.733300;37.983300;"AS1241 Forthnet";"mlab3-ath02";0.182639;50107.502197;"0.004006999";"win32";"83.212.5.173";"speedtest";1328275671;72090.871597;0.099746;"062ac9cd-ccd3-4d13-9905-fe4beb7155a0";1241;"35";"Athens";15;2;2012;4;3;"20120203"
"62.1.145.72";"GR";23.733300;37.983300;"AS1241 Forthnet";"mlab3-ath02";0.095872;759333.674922;"0.004006999";"win32";"83.212.5.173";"bittorrent";1328277066;73464.440909;-1.000000;"062ac9cd-ccd3-4d13-9905-fe4beb7155a0";1241;"35";"Athens";15;2;2012;4;3;"20120203"
"62.1.145.72";"GR";23.733300;37.983300;"AS1241 Forthnet";"mlab3-ath02";0.029700;511898.932424;"0.004006999";"win32";"83.212.5.173";"speedtest";1328278459;86920.102458;0.031525;"062ac9cd-ccd3-4d13-9905-fe4beb7155a0";1241;"35";"Athens";16;2;2012;4;3;"20120203"
"62.1.145.72";"GR";23.733300;37.983300;"AS1241 Forthnet";"mlab3-ath02";0.063239;561835.494273;"0.004006999";"win32";"83.212.5.173";"bittorrent";1328279853;87256.626856;-1.000000;"062ac9cd-ccd3-4d13-9905-fe4beb7155a0";1241;"35";"Athens";16;2;2012;4;3;"20120203"
"62.1.145.72";"GR";23.733300;37.983300;"AS1241 Forthnet";"mlab3-ath02";0.037800;597876.379428;"0.004006999";"win32";"83.212.5.173";"speedtest";1328281246;84319.718323;0.037460;"062ac9cd-ccd3-4d13-9905-fe4beb7155a0";1241;"35";"Athens";17;2;2012;4;3;"20120203"
"62.1.145.72";"GR";23.733300;37.983300;"AS1241 Forthnet";"mlab3-ath02";0.027458;778396.644248;"0.004006999";"win32";"83.212.5.173";"bittorrent";1328282638;85381.574553;-1.000000;"062ac9cd-ccd3-4d13-9905-fe4beb7155a0";1241;"35";"Athens";17;2;2012;4;3;"20120203"
"62.1.145.72";"GR";23.733300;37.983300;"AS1241 Forthnet";"mlab3-ath02";0.026335;733899.857014;"0.004006999";"win32";"83.212.5.173";"speedtest";1328284029;95966.115432;0.030287;"062ac9cd-ccd3-4d13-9905-fe4beb7155a0";1241;"35";"Athens";17;2;2012;4;3;"20120203"
"62.1.145.72";"GR";23.733300;37.983300;"AS1241 Forthnet";"mlab3-ath02";0.040692;575430.282746;"0.004006999";"win32";"83.212.5.173";"bittorrent";1328285423;85941.117179;-1.000000;"062ac9cd-ccd3-4d13-9905-fe4beb7155a0";1241;"35";"Athens";18;2;2012;4;3;"20120203"
"62.1.145.72";"GR";23.733300;37.983300;"AS1241 Forthnet";"mlab3-ath02";0.037178;272028.475918;"0.004006999";"win32";"83.212.5.173";"speedtest";1328286830;55666.159597;0.109817;"062ac9cd-ccd3-4d13-9905-fe4beb7155a0";1241;"35";"Athens";18;2;2012;4;3;"20120203"
"62.1.145.72";"GR";23.733300;37.983300;"AS1241 Forthnet";"mlab3-ath02";0.192311;258078.301396;"0.004006999";"win32";"83.212.5.173";"bittorrent";1328288243;34151.116861;-1.000000;"062ac9cd-ccd3-4d13-9905-fe4beb7155a0";1241;"35";"Athens";18;2;2012;4;3;"20120203"
"62.1.145.72";"GR";23.733300;37.983300;"AS1241 Forthnet";"mlab3-ath02";0.196452;268492.233031;"0.004006999";"win32";"83.212.5.173";"speedtest";1328289639;48916.693643;0.103340;"062ac9cd-ccd3-4d13-9905-fe4beb7155a0";1241;"35";"Athens";19;2;2012;4;3;"20120203"
"62.1.145.72";"GR";23.733300;37.983300;"AS1241 Forthnet";"mlab3-ath02";0.037108;758358.202038;"0.004006999";"win32";"83.212.5.173";"bittorrent";1328291034;95852.936249;-1.000000;"062ac9cd-ccd3-4d13-9905-fe4beb7155a0";1241;"35";"Athens";19;2;2012;4;3;"20120203"
"62.1.145.72";"GR";23.733300;37.983300;"AS1241 Forthnet";"mlab3-ath02";0.035433;749611.388433;"0.004006999";"win32";"83.212.5.173";"speedtest";1328292427;66619.398998;0.029069;"062ac9cd-ccd3-4d13-9905-fe4beb7155a0";1241;"35";"Athens";20;2;2012;4;3;"20120203"
"62.1.145.72";"GR";23.733300;37.983300;"AS1241 Forthnet";"mlab3-ath02";0.027268;775131.099307;"0.004006999";"win32";"83.212.5.173";"bittorrent";1328293820;104697.452672;-1.000000;"062ac9cd-ccd3-4d13-9905-fe4beb7155a0";1241;"35";"Athens";20;2;2012;4;3;"20120203"
"62.1.145.72";"GR";23.733300;37.983300;"AS1241 Forthnet";"mlab3-ath02";0.026332;747420.583802;"0.004006999";"win32";"83.212.5.173";"speedtest";1328295212;92641.824241;0.029084;"062ac9cd-ccd3-4d13-9905-fe4beb7155a0";1241;"35";"Athens";20;2;2012;4;3;"20120203"
"85.72.95.104";"GR";23.800000;37.833300;"AS6799 Ote SA (Hellenic Telecommunications Organisation)";"mlab3-ath02";0.238426;64361.823380;"0.004006999";"linux2";"83.212.5.173";"bittorrent";1328296567;46932.933322;-1.000000;"90064949-1804-489a-a0ed-933208bcba75";6799;"35";"Vári";21;2;2012;4;3;"20120203"
"62.1.145.72";"GR";23.733300;37.983300;"AS1241 Forthnet";"mlab3-ath02";0.025325;474594.848606;"0.004006999";"win32";"83.212.5.173";"bittorrent";1328296609;84378.476956;-1.000000;"062ac9cd-ccd3-4d13-9905-fe4beb7155a0";1241;"35";"Athens";21;2;2012;4;3;"20120203"
"62.1.145.72";"GR";23.733300;37.983300;"AS1241 Forthnet";"mlab3-ath02";0.027307;598462.901488;"0.004006999";"win32";"83.212.5.173";"speedtest";1328298004;82756.855270;0.029400;"062ac9cd-ccd3-4d13-9905-fe4beb7155a0";1241;"35";"Athens";21;2;2012;4;3;"20120203"
"85.72.95.104";"GR";23.800000;37.833300;"AS6799 Ote SA (Hellenic Telecommunications Organisation)";"mlab3-ath02";0.102107;214755.419738;"0.004006999";"linux2";"83.212.5.173";"speedtest";1328298160;51663.459719;0.054235;"90064949-1804-489a-a0ed-933208bcba75";6799;"35";"Vári";21;2;2012;4;3;"20120203"
"62.1.145.72";"GR";23.733300;37.983300;"AS1241 Forthnet";"mlab3-ath02";0.027972;542501.454167;"0.004006999";"win32";"83.212.5.173";"bittorrent";1328299396;75833.112381;-1.000000;"062ac9cd-ccd3-4d13-9905-fe4beb7155a0";1241;"35";"Athens";22;2;2012;4;3;"20120203"
"85.72.95.104";"GR";23.800000;37.833300;"AS6799 Ote SA (Hellenic Telecommunications Organisation)";"mlab3-ath02";0.010990;202256.832997;"0.004006999";"linux2";"83.212.5.173";"bittorrent";1328299753;52757.101441;-1.000000;"90064949-1804-489a-a0ed-933208bcba75";6799;"35";"Vári";22;2;2012;4;3;"20120203"
"62.1.145.72";"GR";23.733300;37.983300;"AS1241 Forthnet";"mlab3-ath02";0.027122;535862.389748;"0.004006999";"win32";"83.212.5.173";"speedtest";1328300789;81203.542702;0.030338;"062ac9cd-ccd3-4d13-9905-fe4beb7155a0";1241;"35";"Athens";22;2;2012;4;3;"20120203"
"85.72.95.104";"GR";23.800000;37.833300;"AS6799 Ote SA (Hellenic Telecommunications Organisation)";"mlab3-ath02";0.199297;165604.840156;"0.004006999";"linux2";"83.212.5.173";"speedtest";1328301341;47909.140537;0.204933;"90064949-1804-489a-a0ed-933208bcba75";6799;"35";"Vári";22;2;2012;4;3;"20120203"
"62.1.145.72";"GR";23.733300;37.983300;"AS1241 Forthnet";"mlab3-ath02";0.027436;483512.645625;"0.004006999";"win32";"83.212.5.173";"bittorrent";1328302182;84139.271391;-1.000000;"062ac9cd-ccd3-4d13-9905-fe4beb7155a0";1241;"35";"Athens";22;2;2012;4;3;"20120203"
"62.1.145.72";"GR";23.733300;37.983300;"AS1241 Forthnet";"mlab3-ath02";0.036163;536433.075901;"0.004006999";"win32";"83.212.5.173";"speedtest";1328303577;66510.229539;0.032508;"062ac9cd-ccd3-4d13-9905-fe4beb7155a0";1241;"35";"Athens";23;2;2012;4;3;"20120203"
"62.1.145.72";"GR";23.733300;37.983300;"AS1241 Forthnet";"mlab3-ath02";0.035386;32893.604556;"0.004006999";"win32";"83.212.5.173";"bittorrent";1328305065;17726.935683;-1.000000;"062ac9cd-ccd3-4d13-9905-fe4beb7155a0";1241;"35";"Athens";23;2;2012;4;3;"20120203"
"62.1.145.72";"GR";23.733300;37.983300;"AS1241 Forthnet";"mlab3-ath02";0.175384;11215.543161;"0.004006999";"win32";"83.212.5.173";"speedtest";1328306714;19118.622341;0.175314;"062ac9cd-ccd3-4d13-9905-fe4beb7155a0";1241;"35";"Athens";0;2;2012;5;4;"20120203"
"62.1.145.72";"GR";23.733300;37.983300;"AS1241 Forthnet";"mlab3-ath02";0.173008;18453.457630;"0.004006999";"win32";"83.212.5.173";"bittorrent";1328306867;18041.208157;-1.000000;"062ac9cd-ccd3-4d13-9905-fe4beb7155a0";1241;"35";"Athens";0;2;2012;5;4;"20120203"
"62.1.145.72";"GR";23.733300;37.983300;"AS1241 Forthnet";"mlab3-ath02";0.195088;7748.708211;"0.004006999";"win32";"83.212.5.173";"bittorrent";1328308192;22590.027520;-1.000000;"062ac9cd-ccd3-4d13-9905-fe4beb7155a0";1241;"35";"Athens";0;2;2012;5;4;"20120203"
"62.1.145.72";"GR";23.733300;37.983300;"AS1241 Forthnet";"mlab3-ath02";0.026513;14464.739884;"0.004006999";"win32";"83.212.5.173";"speedtest";1328309589;26310.080705;0.332324;"062ac9cd-ccd3-4d13-9905-fe4beb7155a0";1241;"35";"Athens";0;2;2012;5;4;"20120203"
"62.1.145.72";"GR";23.733300;37.983300;"AS1241 Forthnet";"mlab3-ath02";0.165850;5027.275806;"0.004006999";"win32";"83.212.5.173";"bittorrent";1328311007;33203.441868;-1.000000;"062ac9cd-ccd3-4d13-9905-fe4beb7155a0";1241;"35";"Athens";1;2;2012;5;4;"20120203"
"62.1.145.72";"GR";23.733300;37.983300;"AS1241 Forthnet";"mlab3-ath02";0.166707;8700.696075;"0.004006999";"win32";"83.212.5.173";"speedtest";1328312408;17842.255289;0.170037;"062ac9cd-ccd3-4d13-9905-fe4beb7155a0";1241;"35";"Athens";1;2;2012;5;4;"20120203"
"88.110.179.0";"GB";-0.130000;51.500000;"AS9105 Tiscali UK";"mlab2-lhr01";0.043977;232556.518703;"0.004006999";"darwin";"217.163.1.95";"bittorrent";1328313588;87843.044335;-1.000000;"17522bf2-605a-483d-b0d7-36583414f00c";9105;"";"";23;2;2012;4;3;"20120203"
"87.102.110.2";"GB";-0.093100;51.514200;"AS12390 KCOM Group Public Limited Company";"mlab2-lhr01";0.023613;6080751.327140;"0.004006999";"win32";"217.163.1.95";"speedtest";1328313591;5041045.196460;0.010523;"f5d7ff9a-aee3-4e0d-8cb1-3370b1a23d91";12390;"H9";"London";23;2;2012;4;3;"20120203"
"68.68.44.183";"US";-119.984400;38.933200;"AS22781 Reliablehosting.com";"mlab3-lga01";0.283783;264031.174408;"0.004006999";"win32";"74.63.50.44";"speedtest";1328313501;71134.030769;0.277943;"6abd623d-3364-4a46-8342-6fac56b95ab6";22781;"CA";"South Lake Tahoe";23;2;2012;4;3;"20120203"
"76.25.197.109";"US";-104.984700;39.739200;"AS7922 Comcast Cable Communications, Inc.";"mlab3-lga01";0.117867;1170782.037290;"0.004006999";"win32";"74.63.50.44";"speedtest";1328313561;427823.963149;0.099904;"8289a47b-7a66-47f8-ae44-8a2d7dfdbd3b";7922;"CO";"Denver";23;2;2012;4;3;"20120203"
"110.174.52.168";"AU";151.208200;-33.866600;"AS7545 TPG Telecom Limited";"mlab3-syd01";0.031817;82604.390481;"0.004006999";"win32";"203.5.76.174";"speedtest";1328228193;82660.696181;0.044234;"5598ecd6-e540-4d6d-82ee-485ed671b549";7545;"02";"Sydney";0;2;2012;4;3;"20120203"
"110.174.52.168";"AU";151.208200;-33.866600;"AS7545 TPG Telecom Limited";"mlab3-syd01";0.036808;43207.132142;"0.004006999";"win32";"203.5.76.174";"bittorrent";1328229745;82622.231322;-1.000000;"5598ecd6-e540-4d6d-82ee-485ed671b549";7545;"02";"Sydney";0;2;2012;4;3;"20120203"
"110.174.52.168";"AU";151.208200;-33.866600;"AS7545 TPG Telecom Limited";"mlab3-syd01";3.028225;7862.629386;"0.004006999";"win32";"203.5.76.174";"speedtest";1328231324;75391.229010;0.025935;"5598ecd6-e540-4d6d-82ee-485ed671b549";7545;"02";"Sydney";1;2;2012;4;3;"20120203"
"110.174.52.168";"AU";151.208200;-33.866600;"AS7545 TPG Telecom Limited";"mlab3-syd01";0.016334;36367.423297;"0.004006999";"win32";"203.5.76.174";"bittorrent";1328232876;86023.589779;-1.000000;"5598ecd6-e540-4d6d-82ee-485ed671b549";7545;"02";"Sydney";1;2;2012;4;3;"20120203"
"110.174.52.168";"AU";151.208200;-33.866600;"AS7545 TPG Telecom Limited";"mlab3-syd01";0.017391;132848.269184;"0.004006999";"win32";"203.5.76.174";"speedtest";1328234413;78139.719802;0.045970;"5598ecd6-e540-4d6d-82ee-485ed671b549";7545;"02";"Sydney";2;2;2012;4;3;"20120203"
"110.174.52.168";"AU";151.208200;-33.866600;"AS7545 TPG Telecom Limited";"mlab3-syd01";0.030791;109972.300428;"0.004006999";"win32";"203.5.76.174";"bittorrent";1328235954;80309.110362;-1.000000;"5598ecd6-e540-4d6d-82ee-485ed671b549";7545;"02";"Sydney";2;2;2012;4;3;"20120203"
"110.174.52.168";"AU";151.208200;-33.866600;"AS7545 TPG Telecom Limited";"mlab3-syd01";3.022098;112943.953684;"0.004006999";"win32";"203.5.76.174";"speedtest";1328237483;75246.509856;0.022849;"5598ecd6-e540-4d6d-82ee-485ed671b549";7545;"02";"Sydney";2;2;2012;4;3;"20120203"
"110.174.52.168";"AU";151.208200;-33.866600;"AS7545 TPG Telecom Limited";"mlab3-syd01";0.044713;147405.917719;"0.004006999";"win32";"203.5.76.174";"bittorrent";1328239018;79775.950156;-1.000000;"5598ecd6-e540-4d6d-82ee-485ed671b549";7545;"02";"Sydney";3;2;2012;4;3;"20120203"
"110.174.52.168";"AU";151.208200;-33.866600;"AS7545 TPG Telecom Limited";"mlab3-syd01";0.019626;76251.209169;"0.004006999";"win32";"203.5.76.174";"speedtest";1328240547;74764.622651;0.063935;"5598ecd6-e540-4d6d-82ee-485ed671b549";7545;"02";"Sydney";3;2;2012;4;3;"20120203"
"110.174.52.168";"AU";151.208200;-33.866600;"AS7545 TPG Telecom Limited";"mlab3-syd01";0.022443;45348.102659;"0.004006999";"win32";"203.5.76.174";"bittorrent";1328242105;88368.349429;-1.000000;"5598ecd6-e540-4d6d-82ee-485ed671b549";7545;"02";"Sydney";4;2;2012;4;3;"20120203"
"110.174.52.168";"AU";151.208200;-33.866600;"AS7545 TPG Telecom Limited";"mlab3-syd01";3.029250;62925.224506;"0.004006999";"win32";"203.5.76.174";"speedtest";1328243640;78781.033276;0.102290;"5598ecd6-e540-4d6d-82ee-485ed671b549";7545;"02";"Sydney";4;2;2012;4;3;"20120203"
"110.174.52.168";"AU";151.208200;-33.866600;"AS7545 TPG Telecom Limited";"mlab3-syd01";0.023489;93998.567417;"0.004006999";"win32";"203.5.76.174";"bittorrent";1328245193;73273.668808;-1.000000;"5598ecd6-e540-4d6d-82ee-485ed671b549";7545;"02";"Sydney";4;2;2012;4;3;"20120203"
"110.174.52.168";"AU";151.208200;-33.866600;"AS7545 TPG Telecom Limited";"mlab3-syd01";3.025304;11864.151172;"0.004006999";"win32";"203.5.76.174";"speedtest";1328246748;71564.857786;0.123251;"5598ecd6-e540-4d6d-82ee-485ed671b549";7545;"02";"Sydney";5;2;2012;4;3;"20120203"
"110.174.52.168";"AU";151.208200;-33.866600;"AS7545 TPG Telecom Limited";"mlab3-syd01";0.043462;8616.644722;"0.004006999";"win32";"203.5.76.174";"bittorrent";1328248346;62845.248917;-1.000000;"5598ecd6-e540-4d6d-82ee-485ed671b549";7545;"02";"Sydney";5;2;2012;4;3;"20120203"
"110.174.52.168";"AU";151.208200;-33.866600;"AS7545 TPG Telecom Limited";"mlab3-syd01";3.019224;30664.852542;"0.004006999";"win32";"203.5.76.174";"speedtest";1328249877;74662.841776;0.029040;"5598ecd6-e540-4d6d-82ee-485ed671b549";7545;"02";"Sydney";6;2;2012;4;3;"20120203"
"110.174.52.168";"AU";151.208200;-33.866600;"AS7545 TPG Telecom Limited";"mlab3-syd01";0.021127;62853.576659;"0.004006999";"win32";"203.5.76.174";"bittorrent";1328251426;85801.764322;-1.000000;"5598ecd6-e540-4d6d-82ee-485ed671b549";7545;"02";"Sydney";6;2;2012;4;3;"20120203"
"110.174.52.168";"AU";151.208200;-33.866600;"AS7545 TPG Telecom Limited";"mlab3-syd01";9.037272;107591.452202;"0.004006999";"win32";"203.5.76.174";"speedtest";1328252974;78481.017905;0.041334;"5598ecd6-e540-4d6d-82ee-485ed671b549";7545;"02";"Sydney";7;2;2012;4;3;"20120203"
"110.174.52.168";"AU";151.208200;-33.866600;"AS7545 TPG Telecom Limited";"mlab3-syd01";0.023997;30728.575314;"0.004006999";"win32";"203.5.76.174";"bittorrent";1328254533;70981.236571;-1.000000;"5598ecd6-e540-4d6d-82ee-485ed671b549";7545;"02";"Sydney";7;2;2012;4;3;"20120203"
"110.174.52.168";"AU";151.208200;-33.866600;"AS7545 TPG Telecom Limited";"mlab3-syd01";0.015805;60005.711799;"0.004006999";"win32";"203.5.76.174";"speedtest";1328256063;67651.306649;0.037478;"5598ecd6-e540-4d6d-82ee-485ed671b549";7545;"02";"Sydney";8;2;2012;4;3;"20120203"
"110.174.52.168";"AU";151.208200;-33.866600;"AS7545 TPG Telecom Limited";"mlab3-syd01";0.014988;13028.224471;"0.004006999";"win32";"203.5.76.174";"bittorrent";1328257606;76979.900129;-1.000000;"5598ecd6-e540-4d6d-82ee-485ed671b549";7545;"02";"Sydney";8;2;2012;4;3;"20120203"
"110.174.52.168";"AU";151.208200;-33.866600;"AS7545 TPG Telecom Limited";"mlab3-syd01";0.029041;95840.661995;"0.004006999";"win32";"203.5.76.174";"speedtest";1328259131;55903.038290;0.055962;"5598ecd6-e540-4d6d-82ee-485ed671b549";7545;"02";"Sydney";8;2;2012;4;3;"20120203"
"110.174.52.168";"AU";151.208200;-33.866600;"AS7545 TPG Telecom Limited";"mlab3-syd01";0.049741;71634.418860;"0.004006999";"win32";"203.5.76.174";"bittorrent";1328260675;86959.231371;-1.000000;"5598ecd6-e540-4d6d-82ee-485ed671b549";7545;"02";"Sydney";9;2;2012;4;3;"20120203"
"110.174.52.168";"AU";151.208200;-33.866600;"AS7545 TPG Telecom Limited";"mlab3-syd01";9.030261;19493.230976;"0.004006999";"win32";"203.5.76.174";"speedtest";1328262231;79365.727249;0.095549;"5598ecd6-e540-4d6d-82ee-485ed671b549";7545;"02";"Sydney";9;2;2012;4;3;"20120203"
"110.174.52.168";"AU";151.208200;-33.866600;"AS7545 TPG Telecom Limited";"mlab3-syd01";0.015508;43880.616496;"0.004006999";"win32";"203.5.76.174";"bittorrent";1328263776;81211.908503;-1.000000;"5598ecd6-e540-4d6d-82ee-485ed671b549";7545;"02";"Sydney";10;2;2012;4;3;"20120203"
"110.174.52.168";"AU";151.208200;-33.866600;"AS7545 TPG Telecom Limited";"mlab3-syd01";9.054871;55440.529179;"0.004006999";"win32";"203.5.76.174";"speedtest";1328265311;71608.085730;0.046737;"5598ecd6-e540-4d6d-82ee-485ed671b549";7545;"02";"Sydney";10;2;2012;4;3;"20120203"
"110.174.52.168";"AU";151.208200;-33.866600;"AS7545 TPG Telecom Limited";"mlab3-syd01";0.015960;59655.251051;"0.004006999";"win32";"203.5.76.174";"bittorrent";1328266851;82516.029750;-1.000000;"5598ecd6-e540-4d6d-82ee-485ed671b549";7545;"02";"Sydney";11;2;2012;4;3;"20120203"
"110.174.52.168";"AU";151.208200;-33.866600;"AS7545 TPG Telecom Limited";"mlab3-syd01";3.022064;56192.653814;"0.004006999";"win32";"203.5.76.174";"speedtest";1328270258;70573.876654;0.037375;"5598ecd6-e540-4d6d-82ee-485ed671b549";7545;"02";"Sydney";11;2;2012;4;3;"20120203"
"110.174.52.168";"AU";151.208200;-33.866600;"AS7545 TPG Telecom Limited";"mlab3-syd01";0.016146;71785.349240;"0.004006999";"win32";"203.5.76.174";"bittorrent";1328271796;67790.306242;-1.000000;"5598ecd6-e540-4d6d-82ee-485ed671b549";7545;"02";"Sydney";12;2;2012;4;3;"20120203"
"110.174.52.168";"AU";151.208200;-33.866600;"AS7545 TPG Telecom Limited";"mlab3-syd01";0.029103;48952.870175;"0.004006999";"win32";"203.5.76.174";"speedtest";1328273326;63056.556644;0.065285;"5598ecd6-e540-4d6d-82ee-485ed671b549";7545;"02";"Sydney";12;2;2012;4;3;"20120203"
"110.174.52.168";"AU";151.208200;-33.866600;"AS7545 TPG Telecom Limited";"mlab3-syd01";0.021684;78250.158150;"0.004006999";"win32";"203.5.76.174";"bittorrent";1328274865;74248.931083;-1.000000;"5598ecd6-e540-4d6d-82ee-485ed671b549";7545;"02";"Sydney";13;2;2012;4;3;"20120203"
"110.174.52.168";"AU";151.208200;-33.866600;"AS7545 TPG Telecom Limited";"mlab3-syd01";0.021202;30338.897065;"0.004006999";"win32";"203.5.76.174";"speedtest";1328276396;81695.300674;0.349648;"5598ecd6-e540-4d6d-82ee-485ed671b549";7545;"02";"Sydney";13;2;2012;4;3;"20120203"
"110.174.52.168";"AU";151.208200;-33.866600;"AS7545 TPG Telecom Limited";"mlab3-syd01";0.020724;133235.053475;"0.004006999";"win32";"203.5.76.174";"bittorrent";1328277932;81018.274844;-1.000000;"5598ecd6-e540-4d6d-82ee-485ed671b549";7545;"02";"Sydney";14;2;2012;4;3;"20120203"
"110.174.52.168";"AU";151.208200;-33.866600;"AS7545 TPG Telecom Limited";"mlab3-syd01";3.014977;108446.047243;"0.004006999";"win32";"203.5.76.174";"speedtest";1328281344;76711.551162;0.026734;"5598ecd6-e540-4d6d-82ee-485ed671b549";7545;"02";"Sydney";15;2;2012;4;3;"20120203"
"110.174.52.168";"AU";151.208200;-33.866600;"AS7545 TPG Telecom Limited";"mlab3-syd01";3.018246;109094.568194;"0.004006999";"win32";"203.5.76.174";"bittorrent";1328282894;91641.729267;-1.000000;"5598ecd6-e540-4d6d-82ee-485ed671b549";7545;"02";"Sydney";15;2;2012;4;3;"20120203"
"110.174.52.168";"AU";151.208200;-33.866600;"AS7545 TPG Telecom Limited";"mlab3-syd01";3.018556;105591.034950;"0.004006999";"win32";"203.5.76.174";"speedtest";1328284429;84641.147381;0.022064;"5598ecd6-e540-4d6d-82ee-485ed671b549";7545;"02";"Sydney";15;2;2012;4;3;"20120203"
"110.174.52.168";"AU";151.208200;-33.866600;"AS7545 TPG Telecom Limited";"mlab3-syd01";0.020281;318582.451535;"0.004006999";"win32";"203.5.76.174";"bittorrent";1328285969;91554.976319;-1.000000;"5598ecd6-e540-4d6d-82ee-485ed671b549";7545;"02";"Sydney";16;2;2012;4;3;"20120203"
"110.174.52.168";"AU";151.208200;-33.866600;"AS7545 TPG Telecom Limited";"mlab3-syd01";0.016181;305157.884155;"0.004006999";"win32";"203.5.76.174";"speedtest";1328287497;80414.507872;0.019114;"5598ecd6-e540-4d6d-82ee-485ed671b549";7545;"02";"Sydney";16;2;2012;4;3;"20120203"
"110.174.52.168";"AU";151.208200;-33.866600;"AS7545 TPG Telecom Limited";"mlab3-syd01";0.015573;136596.065527;"0.004006999";"win32";"203.5.76.174";"bittorrent";1328289048;87893.549099;-1.000000;"5598ecd6-e540-4d6d-82ee-485ed671b549";7545;"02";"Sydney";17;2;2012;4;3;"20120203"
"110.174.52.168";"AU";151.208200;-33.866600;"AS7545 TPG Telecom Limited";"mlab3-syd01";0.029477;275843.214532;"0.004006999";"win32";"203.5.76.174";"speedtest";1328294324;76415.228207;0.024316;"5598ecd6-e540-4d6d-82ee-485ed671b549";7545;"02";"Sydney";18;2;2012;4;3;"20120203"
"110.174.52.168";"AU";151.208200;-33.866600;"AS7545 TPG Telecom Limited";"mlab3-syd01";0.016418;245048.547205;"0.004006999";"win32";"203.5.76.174";"bittorrent";1328295876;80606.770422;-1.000000;"5598ecd6-e540-4d6d-82ee-485ed671b549";7545;"02";"Sydney";19;2;2012;4;3;"20120203"
"110.174.52.168";"AU";151.208200;-33.866600;"AS7545 TPG Telecom Limited";"mlab3-syd01";0.016524;218376.724593;"0.004006999";"win32";"203.5.76.174";"speedtest";1328297403;74683.209576;0.021463;"5598ecd6-e540-4d6d-82ee-485ed671b549";7545;"02";"Sydney";19;2;2012;4;3;"20120203"
"110.174.52.168";"AU";151.208200;-33.866600;"AS7545 TPG Telecom Limited";"mlab3-syd01";0.015134;176150.817515;"0.004006999";"win32";"203.5.76.174";"bittorrent";1328298940;72875.152480;-1.000000;"5598ecd6-e540-4d6d-82ee-485ed671b549";7545;"02";"Sydney";19;2;2012;4;3;"20120203"
"110.174.52.168";"AU";151.208200;-33.866600;"AS7545 TPG Telecom Limited";"mlab3-syd01";0.017145;191176.541549;"0.004006999";"win32";"203.5.76.174";"speedtest";1328302347;76706.530959;0.022190;"5598ecd6-e540-4d6d-82ee-485ed671b549";7545;"02";"Sydney";20;2;2012;4;3;"20120203"
"110.174.52.168";"AU";151.208200;-33.866600;"AS7545 TPG Telecom Limited";"mlab3-syd01";0.015699;252406.230103;"0.004006999";"win32";"203.5.76.174";"bittorrent";1328303887;75076.575075;-1.000000;"5598ecd6-e540-4d6d-82ee-485ed671b549";7545;"02";"Sydney";21;2;2012;4;3;"20120203"
"110.174.52.168";"AU";151.208200;-33.866600;"AS7545 TPG Telecom Limited";"mlab3-syd01";0.015990;248942.539187;"0.004006999";"win32";"203.5.76.174";"speedtest";1328305424;68971.388983;0.022917;"5598ecd6-e540-4d6d-82ee-485ed671b549";7545;"02";"Sydney";21;2;2012;4;3;"20120203"
"110.174.52.168";"AU";151.208200;-33.866600;"AS7545 TPG Telecom Limited";"mlab3-syd01";0.051078;182906.210632;"0.004006999";"win32";"203.5.76.174";"bittorrent";1328306960;79929.732092;-1.000000;"5598ecd6-e540-4d6d-82ee-485ed671b549";7545;"02";"Sydney";22;2;2012;4;3;"20120203"
"110.174.52.168";"AU";151.208200;-33.866600;"AS7545 TPG Telecom Limited";"mlab3-syd01";0.018629;197811.730057;"0.004006999";"win32";"203.5.76.174";"speedtest";1328308487;79276.894938;0.026171;"5598ecd6-e540-4d6d-82ee-485ed671b549";7545;"02";"Sydney";22;2;2012;4;3;"20120203"
"110.174.52.168";"AU";151.208200;-33.866600;"AS7545 TPG Telecom Limited";"mlab3-syd01";0.020781;293977.417929;"0.004006999";"win32";"203.5.76.174";"bittorrent";1328311897;91595.363385;-1.000000;"5598ecd6-e540-4d6d-82ee-485ed671b549";7545;"02";"Sydney";23;2;2012;4;3;"20120203"
"110.174.52.168";"AU";151.208200;-33.866600;"AS7545 TPG Telecom Limited";"mlab3-syd01";0.045152;42818.495898;"0.004006999";"win32";"203.5.76.174";"speedtest";1328313444;53122.809918;0.047055;"5598ecd6-e540-4d6d-82ee-485ed671b549";7545;"02";"Sydney";23;2;2012;4;3;"20120203"
